Date,Source,Site ID,POC,Daily Mean PM10 Concentration,UNITS,DAILY_AQI_VALUE,Site Name,DAILY_OBS_COUNT,PERCENT_COMPLETE,AQS_PARAMETER_CODE,AQS_PARAMETER_DESC,CBSA_CODE,CBSA_NAME,STATE_CODE,STATE,COUNTY_CODE,COUNTY,SITE_LATITUDE,SITE_LONGITUDE
1/1/2021,AQS,290210005,3,9,ug/m3 SC,8,St. Joseph Pump Station,1,100,81102,PM10 Total 0-10um STP,41140,"St. Joseph, MO-KS",29,Missouri,21,Buchanan,39.74169449,-94.85858409
1/2/2021,AQS,290210005,3,20,ug/m3 SC,19,St. Joseph Pump Station,1,100,81102,PM10 Total 0-10um STP,41140,"St. Joseph, MO-KS",29,Missouri,21,Buchanan,39.74169449,-94.85858409
1/3/2021,AQS,290210005,3,15,ug/m3 SC,14,St. Joseph Pump Station,1,100,81102,PM10 Total 0-10um STP,41140,"St. Joseph, MO-KS",29,Missouri,21,Buchanan,39.74169449,-94.85858409
1/4/2021,AQS,290210005,3,10,ug/m3 SC,9,St. Joseph Pump Station,1,100,81102,PM10 Total 0-10um STP,41140,"St. Joseph, MO-KS",29,Missouri,21,Buchanan,39.74169449,-94.85858409
1/5/2021,AQS,290210005,3,24,ug/m3 SC,22,St. Joseph Pump Station,1,100,81102,PM10 Total 0-10um STP,41140,"St. Joseph, MO-KS",29,Missouri,21,Buchanan,39.74169449,-94.85858409
1/6/2021,AQS,290210005,3,10,ug/m3 SC,9,St. Joseph Pump Station,1,100,81102,PM10 Total 0-10um STP,41140,"St. Joseph, MO-KS",29,Missouri,21,Buchanan,39.74169449,-94.85858409
1/7/2021,AQS,290210005,3,20,ug/m3 SC,19,St. Joseph Pump Station,1,100,81102,PM10 Total 0-10um STP,41140,"St. Joseph, MO-KS",29,Missouri,21,Buchanan,39.74169449,-94.85858409
1/8/2021,AQS,290210005,3,13,ug/m3 SC,12,St. Joseph Pump Station,1,100,81102,PM10 Total 0-10um STP,41140,"St. Joseph, MO-KS",29,Missouri,21,Buchanan,39.74169449,-94.85858409
1/9/2021,AQS,290210005,3,11,ug/m3 SC,10,St. Joseph Pump Station,1,100,81102,PM10 Total 0-10um STP,41140,"St. Joseph, MO-KS",29,Missouri,21,Buchanan,39.74169449,-94.85858409
1/10/2021,AQS,290210005,3,14,ug/m3 SC,13,St. Joseph Pump Station,1,100,81102,PM10 Total 0-10um STP,41140,"St. Joseph, MO-KS",29,Missouri,21,Buchanan,39.74169449,-94.85858409
1/11/2021,AQS,290210005,3,22,ug/m3 SC,20,St. Joseph Pump Station,1,100,81102,PM10 Total 0-10um STP,41140,"St. Joseph, MO-KS",29,Missouri,21,Buchanan,39.74169449,-94.85858409
1/12/2021,AQS,290210005,3,35,ug/m3 SC,32,St. Joseph Pump Station,1,100,81102,PM10 Total 0-10um STP,41140,"St. Joseph, MO-KS",29,Missouri,21,Buchanan,39.74169449,-94.85858409
1/13/2021,AQS,290210005,3,38,ug/m3 SC,35,St. Joseph Pump Station,1,100,81102,PM10 Total 0-10um STP,41140,"St. Joseph, MO-KS",29,Missouri,21,Buchanan,39.74169449,-94.85858409
1/14/2021,AQS,290210005,3,27,ug/m3 SC,25,St. Joseph Pump Station,1,100,81102,PM10 Total 0-10um STP,41140,"St. Joseph, MO-KS",29,Missouri,21,Buchanan,39.74169449,-94.85858409
1/15/2021,AQS,290210005,3,8,ug/m3 SC,7,St. Joseph Pump Station,1,100,81102,PM10 Total 0-10um STP,41140,"St. Joseph, MO-KS",29,Missouri,21,Buchanan,39.74169449,-94.85858409
1/16/2021,AQS,290210005,3,7,ug/m3 SC,6,St. Joseph Pump Station,1,100,81102,PM10 Total 0-10um STP,41140,"St. Joseph, MO-KS",29,Missouri,21,Buchanan,39.74169449,-94.85858409
1/17/2021,AQS,290210005,3,9,ug/m3 SC,8,St. Joseph Pump Station,1,100,81102,PM10 Total 0-10um STP,41140,"St. Joseph, MO-KS",29,Missouri,21,Buchanan,39.74169449,-94.85858409
1/18/2021,AQS,290210005,3,26,ug/m3 SC,24,St. Joseph Pump Station,1,100,81102,PM10 Total 0-10um STP,41140,"St. Joseph, MO-KS",29,Missouri,21,Buchanan,39.74169449,-94.85858409
1/19/2021,AQS,290210005,3,12,ug/m3 SC,11,St. Joseph Pump Station,1,100,81102,PM10 Total 0-10um STP,41140,"St. Joseph, MO-KS",29,Missouri,21,Buchanan,39.74169449,-94.85858409
1/20/2021,AQS,290210005,3,33,ug/m3 SC,31,St. Joseph Pump Station,1,100,81102,PM10 Total 0-10um STP,41140,"St. Joseph, MO-KS",29,Missouri,21,Buchanan,39.74169449,-94.85858409
1/21/2021,AQS,290210005,3,26,ug/m3 SC,24,St. Joseph Pump Station,1,100,81102,PM10 Total 0-10um STP,41140,"St. Joseph, MO-KS",29,Missouri,21,Buchanan,39.74169449,-94.85858409
1/22/2021,AQS,290210005,3,18,ug/m3 SC,17,St. Joseph Pump Station,1,100,81102,PM10 Total 0-10um STP,41140,"St. Joseph, MO-KS",29,Missouri,21,Buchanan,39.74169449,-94.85858409
1/23/2021,AQS,290210005,3,18,ug/m3 SC,17,St. Joseph Pump Station,1,100,81102,PM10 Total 0-10um STP,41140,"St. Joseph, MO-KS",29,Missouri,21,Buchanan,39.74169449,-94.85858409
1/24/2021,AQS,290210005,3,22,ug/m3 SC,20,St. Joseph Pump Station,1,100,81102,PM10 Total 0-10um STP,41140,"St. Joseph, MO-KS",29,Missouri,21,Buchanan,39.74169449,-94.85858409
1/25/2021,AQS,290210005,3,12,ug/m3 SC,11,St. Joseph Pump Station,1,100,81102,PM10 Total 0-10um STP,41140,"St. Joseph, MO-KS",29,Missouri,21,Buchanan,39.74169449,-94.85858409
1/26/2021,AQS,290210005,3,8,ug/m3 SC,7,St. Joseph Pump Station,1,100,81102,PM10 Total 0-10um STP,41140,"St. Joseph, MO-KS",29,Missouri,21,Buchanan,39.74169449,-94.85858409
1/27/2021,AQS,290210005,3,10,ug/m3 SC,9,St. Joseph Pump Station,1,100,81102,PM10 Total 0-10um STP,41140,"St. Joseph, MO-KS",29,Missouri,21,Buchanan,39.74169449,-94.85858409
1/28/2021,AQS,290210005,3,16,ug/m3 SC,15,St. Joseph Pump Station,1,100,81102,PM10 Total 0-10um STP,41140,"St. Joseph, MO-KS",29,Missouri,21,Buchanan,39.74169449,-94.85858409
1/29/2021,AQS,290210005,3,20,ug/m3 SC,19,St. Joseph Pump Station,1,100,81102,PM10 Total 0-10um STP,41140,"St. Joseph, MO-KS",29,Missouri,21,Buchanan,39.74169449,-94.85858409
1/30/2021,AQS,290210005,3,10,ug/m3 SC,9,St. Joseph Pump Station,1,100,81102,PM10 Total 0-10um STP,41140,"St. Joseph, MO-KS",29,Missouri,21,Buchanan,39.74169449,-94.85858409
1/31/2021,AQS,290210005,3,14,ug/m3 SC,13,St. Joseph Pump Station,1,100,81102,PM10 Total 0-10um STP,41140,"St. Joseph, MO-KS",29,Missouri,21,Buchanan,39.74169449,-94.85858409
2/1/2021,AQS,290210005,3,10,ug/m3 SC,9,St. Joseph Pump Station,1,100,81102,PM10 Total 0-10um STP,41140,"St. Joseph, MO-KS",29,Missouri,21,Buchanan,39.74169449,-94.85858409
2/2/2021,AQS,290210005,3,26,ug/m3 SC,24,St. Joseph Pump Station,1,100,81102,PM10 Total 0-10um STP,41140,"St. Joseph, MO-KS",29,Missouri,21,Buchanan,39.74169449,-94.85858409
2/3/2021,AQS,290210005,3,35,ug/m3 SC,32,St. Joseph Pump Station,1,100,81102,PM10 Total 0-10um STP,41140,"St. Joseph, MO-KS",29,Missouri,21,Buchanan,39.74169449,-94.85858409
2/4/2021,AQS,290210005,3,15,ug/m3 SC,14,St. Joseph Pump Station,1,100,81102,PM10 Total 0-10um STP,41140,"St. Joseph, MO-KS",29,Missouri,21,Buchanan,39.74169449,-94.85858409
2/5/2021,AQS,290210005,3,12,ug/m3 SC,11,St. Joseph Pump Station,1,100,81102,PM10 Total 0-10um STP,41140,"St. Joseph, MO-KS",29,Missouri,21,Buchanan,39.74169449,-94.85858409
2/6/2021,AQS,290210005,3,11,ug/m3 SC,10,St. Joseph Pump Station,1,100,81102,PM10 Total 0-10um STP,41140,"St. Joseph, MO-KS",29,Missouri,21,Buchanan,39.74169449,-94.85858409
2/7/2021,AQS,290210005,3,8,ug/m3 SC,7,St. Joseph Pump Station,1,100,81102,PM10 Total 0-10um STP,41140,"St. Joseph, MO-KS",29,Missouri,21,Buchanan,39.74169449,-94.85858409
2/8/2021,AQS,290210005,3,8,ug/m3 SC,7,St. Joseph Pump Station,1,100,81102,PM10 Total 0-10um STP,41140,"St. Joseph, MO-KS",29,Missouri,21,Buchanan,39.74169449,-94.85858409
2/9/2021,AQS,290210005,3,15,ug/m3 SC,14,St. Joseph Pump Station,1,100,81102,PM10 Total 0-10um STP,41140,"St. Joseph, MO-KS",29,Missouri,21,Buchanan,39.74169449,-94.85858409
2/10/2021,AQS,290210005,3,17,ug/m3 SC,16,St. Joseph Pump Station,1,100,81102,PM10 Total 0-10um STP,41140,"St. Joseph, MO-KS",29,Missouri,21,Buchanan,39.74169449,-94.85858409
2/11/2021,AQS,290210005,3,26,ug/m3 SC,24,St. Joseph Pump Station,1,100,81102,PM10 Total 0-10um STP,41140,"St. Joseph, MO-KS",29,Missouri,21,Buchanan,39.74169449,-94.85858409
2/12/2021,AQS,290210005,3,19,ug/m3 SC,18,St. Joseph Pump Station,1,100,81102,PM10 Total 0-10um STP,41140,"St. Joseph, MO-KS",29,Missouri,21,Buchanan,39.74169449,-94.85858409
2/13/2021,AQS,290210005,3,11,ug/m3 SC,10,St. Joseph Pump Station,1,100,81102,PM10 Total 0-10um STP,41140,"St. Joseph, MO-KS",29,Missouri,21,Buchanan,39.74169449,-94.85858409
2/14/2021,AQS,290210005,3,10,ug/m3 SC,9,St. Joseph Pump Station,1,100,81102,PM10 Total 0-10um STP,41140,"St. Joseph, MO-KS",29,Missouri,21,Buchanan,39.74169449,-94.85858409
2/15/2021,AQS,290210005,3,8,ug/m3 SC,7,St. Joseph Pump Station,1,100,81102,PM10 Total 0-10um STP,41140,"St. Joseph, MO-KS",29,Missouri,21,Buchanan,39.74169449,-94.85858409
2/16/2021,AQS,290210005,3,11,ug/m3 SC,10,St. Joseph Pump Station,1,100,81102,PM10 Total 0-10um STP,41140,"St. Joseph, MO-KS",29,Missouri,21,Buchanan,39.74169449,-94.85858409
2/17/2021,AQS,290210005,3,15,ug/m3 SC,14,St. Joseph Pump Station,1,100,81102,PM10 Total 0-10um STP,41140,"St. Joseph, MO-KS",29,Missouri,21,Buchanan,39.74169449,-94.85858409
2/18/2021,AQS,290210005,3,18,ug/m3 SC,17,St. Joseph Pump Station,1,100,81102,PM10 Total 0-10um STP,41140,"St. Joseph, MO-KS",29,Missouri,21,Buchanan,39.74169449,-94.85858409
2/19/2021,AQS,290210005,3,23,ug/m3 SC,21,St. Joseph Pump Station,1,100,81102,PM10 Total 0-10um STP,41140,"St. Joseph, MO-KS",29,Missouri,21,Buchanan,39.74169449,-94.85858409
2/20/2021,AQS,290210005,3,21,ug/m3 SC,19,St. Joseph Pump Station,1,100,81102,PM10 Total 0-10um STP,41140,"St. Joseph, MO-KS",29,Missouri,21,Buchanan,39.74169449,-94.85858409
2/21/2021,AQS,290210005,3,13,ug/m3 SC,12,St. Joseph Pump Station,1,100,81102,PM10 Total 0-10um STP,41140,"St. Joseph, MO-KS",29,Missouri,21,Buchanan,39.74169449,-94.85858409
2/22/2021,AQS,290210005,3,13,ug/m3 SC,12,St. Joseph Pump Station,1,100,81102,PM10 Total 0-10um STP,41140,"St. Joseph, MO-KS",29,Missouri,21,Buchanan,39.74169449,-94.85858409
2/23/2021,AQS,290210005,3,35,ug/m3 SC,32,St. Joseph Pump Station,1,100,81102,PM10 Total 0-10um STP,41140,"St. Joseph, MO-KS",29,Missouri,21,Buchanan,39.74169449,-94.85858409
2/24/2021,AQS,290210005,3,13,ug/m3 SC,12,St. Joseph Pump Station,1,100,81102,PM10 Total 0-10um STP,41140,"St. Joseph, MO-KS",29,Missouri,21,Buchanan,39.74169449,-94.85858409
2/25/2021,AQS,290210005,3,23,ug/m3 SC,21,St. Joseph Pump Station,1,100,81102,PM10 Total 0-10um STP,41140,"St. Joseph, MO-KS",29,Missouri,21,Buchanan,39.74169449,-94.85858409
2/26/2021,AQS,290210005,3,32,ug/m3 SC,30,St. Joseph Pump Station,1,100,81102,PM10 Total 0-10um STP,41140,"St. Joseph, MO-KS",29,Missouri,21,Buchanan,39.74169449,-94.85858409
2/27/2021,AQS,290210005,3,22,ug/m3 SC,20,St. Joseph Pump Station,1,100,81102,PM10 Total 0-10um STP,41140,"St. Joseph, MO-KS",29,Missouri,21,Buchanan,39.74169449,-94.85858409
2/28/2021,AQS,290210005,3,13,ug/m3 SC,12,St. Joseph Pump Station,1,100,81102,PM10 Total 0-10um STP,41140,"St. Joseph, MO-KS",29,Missouri,21,Buchanan,39.74169449,-94.85858409
1/1/2021,AQS,290770036,3,3,ug/m3 SC,3,Hillcrest High School,1,100,81102,PM10 Total 0-10um STP,44180,"Springfield, MO",29,Missouri,77,Greene,37.25613703,-93.29989384
1/2/2021,AQS,290770036,3,4,ug/m3 SC,4,Hillcrest High School,1,100,81102,PM10 Total 0-10um STP,44180,"Springfield, MO",29,Missouri,77,Greene,37.25613703,-93.29989384
1/3/2021,AQS,290770036,3,6,ug/m3 SC,6,Hillcrest High School,1,100,81102,PM10 Total 0-10um STP,44180,"Springfield, MO",29,Missouri,77,Greene,37.25613703,-93.29989384
1/4/2021,AQS,290770036,3,9,ug/m3 SC,8,Hillcrest High School,1,100,81102,PM10 Total 0-10um STP,44180,"Springfield, MO",29,Missouri,77,Greene,37.25613703,-93.29989384
1/5/2021,AQS,290770036,3,16,ug/m3 SC,15,Hillcrest High School,1,100,81102,PM10 Total 0-10um STP,44180,"Springfield, MO",29,Missouri,77,Greene,37.25613703,-93.29989384
1/6/2021,AQS,290770036,3,4,ug/m3 SC,4,Hillcrest High School,1,100,81102,PM10 Total 0-10um STP,44180,"Springfield, MO",29,Missouri,77,Greene,37.25613703,-93.29989384
1/7/2021,AQS,290770036,3,5,ug/m3 SC,5,Hillcrest High School,1,100,81102,PM10 Total 0-10um STP,44180,"Springfield, MO",29,Missouri,77,Greene,37.25613703,-93.29989384
1/8/2021,AQS,290770036,3,5,ug/m3 SC,5,Hillcrest High School,1,100,81102,PM10 Total 0-10um STP,44180,"Springfield, MO",29,Missouri,77,Greene,37.25613703,-93.29989384
1/9/2021,AQS,290770036,3,8,ug/m3 SC,7,Hillcrest High School,1,100,81102,PM10 Total 0-10um STP,44180,"Springfield, MO",29,Missouri,77,Greene,37.25613703,-93.29989384
1/10/2021,AQS,290770036,3,10,ug/m3 SC,9,Hillcrest High School,1,100,81102,PM10 Total 0-10um STP,44180,"Springfield, MO",29,Missouri,77,Greene,37.25613703,-93.29989384
1/11/2021,AQS,290770036,3,9,ug/m3 SC,8,Hillcrest High School,1,100,81102,PM10 Total 0-10um STP,44180,"Springfield, MO",29,Missouri,77,Greene,37.25613703,-93.29989384
1/12/2021,AQS,290770036,3,10,ug/m3 SC,9,Hillcrest High School,1,100,81102,PM10 Total 0-10um STP,44180,"Springfield, MO",29,Missouri,77,Greene,37.25613703,-93.29989384
1/13/2021,AQS,290770036,3,11,ug/m3 SC,10,Hillcrest High School,1,100,81102,PM10 Total 0-10um STP,44180,"Springfield, MO",29,Missouri,77,Greene,37.25613703,-93.29989384
1/14/2021,AQS,290770036,3,18,ug/m3 SC,17,Hillcrest High School,1,100,81102,PM10 Total 0-10um STP,44180,"Springfield, MO",29,Missouri,77,Greene,37.25613703,-93.29989384
1/15/2021,AQS,290770036,3,12,ug/m3 SC,11,Hillcrest High School,1,100,81102,PM10 Total 0-10um STP,44180,"Springfield, MO",29,Missouri,77,Greene,37.25613703,-93.29989384
1/16/2021,AQS,290770036,3,5,ug/m3 SC,5,Hillcrest High School,1,100,81102,PM10 Total 0-10um STP,44180,"Springfield, MO",29,Missouri,77,Greene,37.25613703,-93.29989384
1/17/2021,AQS,290770036,3,6,ug/m3 SC,6,Hillcrest High School,1,100,81102,PM10 Total 0-10um STP,44180,"Springfield, MO",29,Missouri,77,Greene,37.25613703,-93.29989384
1/18/2021,AQS,290770036,3,17,ug/m3 SC,16,Hillcrest High School,1,100,81102,PM10 Total 0-10um STP,44180,"Springfield, MO",29,Missouri,77,Greene,37.25613703,-93.29989384
1/19/2021,AQS,290770036,3,9,ug/m3 SC,8,Hillcrest High School,1,100,81102,PM10 Total 0-10um STP,44180,"Springfield, MO",29,Missouri,77,Greene,37.25613703,-93.29989384
1/20/2021,AQS,290770036,3,11,ug/m3 SC,10,Hillcrest High School,1,100,81102,PM10 Total 0-10um STP,44180,"Springfield, MO",29,Missouri,77,Greene,37.25613703,-93.29989384
1/21/2021,AQS,290770036,3,32,ug/m3 SC,30,Hillcrest High School,1,100,81102,PM10 Total 0-10um STP,44180,"Springfield, MO",29,Missouri,77,Greene,37.25613703,-93.29989384
1/22/2021,AQS,290770036,3,13,ug/m3 SC,12,Hillcrest High School,1,100,81102,PM10 Total 0-10um STP,44180,"Springfield, MO",29,Missouri,77,Greene,37.25613703,-93.29989384
1/23/2021,AQS,290770036,3,7,ug/m3 SC,6,Hillcrest High School,1,100,81102,PM10 Total 0-10um STP,44180,"Springfield, MO",29,Missouri,77,Greene,37.25613703,-93.29989384
1/24/2021,AQS,290770036,3,7,ug/m3 SC,6,Hillcrest High School,1,100,81102,PM10 Total 0-10um STP,44180,"Springfield, MO",29,Missouri,77,Greene,37.25613703,-93.29989384
1/25/2021,AQS,290770036,3,2,ug/m3 SC,2,Hillcrest High School,1,100,81102,PM10 Total 0-10um STP,44180,"Springfield, MO",29,Missouri,77,Greene,37.25613703,-93.29989384
1/26/2021,AQS,290770036,3,6,ug/m3 SC,6,Hillcrest High School,1,100,81102,PM10 Total 0-10um STP,44180,"Springfield, MO",29,Missouri,77,Greene,37.25613703,-93.29989384
1/27/2021,AQS,290770036,3,6,ug/m3 SC,6,Hillcrest High School,1,100,81102,PM10 Total 0-10um STP,44180,"Springfield, MO",29,Missouri,77,Greene,37.25613703,-93.29989384
1/28/2021,AQS,290770036,3,7,ug/m3 SC,6,Hillcrest High School,1,100,81102,PM10 Total 0-10um STP,44180,"Springfield, MO",29,Missouri,77,Greene,37.25613703,-93.29989384
1/29/2021,AQS,290770036,3,8,ug/m3 SC,7,Hillcrest High School,1,100,81102,PM10 Total 0-10um STP,44180,"Springfield, MO",29,Missouri,77,Greene,37.25613703,-93.29989384
1/30/2021,AQS,290770036,3,7,ug/m3 SC,6,Hillcrest High School,1,100,81102,PM10 Total 0-10um STP,44180,"Springfield, MO",29,Missouri,77,Greene,37.25613703,-93.29989384
1/31/2021,AQS,290770036,3,9,ug/m3 SC,8,Hillcrest High School,1,100,81102,PM10 Total 0-10um STP,44180,"Springfield, MO",29,Missouri,77,Greene,37.25613703,-93.29989384
2/1/2021,AQS,290770036,3,8,ug/m3 SC,7,Hillcrest High School,1,100,81102,PM10 Total 0-10um STP,44180,"Springfield, MO",29,Missouri,77,Greene,37.25613703,-93.29989384
2/2/2021,AQS,290770036,3,13,ug/m3 SC,12,Hillcrest High School,1,100,81102,PM10 Total 0-10um STP,44180,"Springfield, MO",29,Missouri,77,Greene,37.25613703,-93.29989384
2/3/2021,AQS,290770036,3,10,ug/m3 SC,9,Hillcrest High School,1,100,81102,PM10 Total 0-10um STP,44180,"Springfield, MO",29,Missouri,77,Greene,37.25613703,-93.29989384
2/4/2021,AQS,290770036,3,7,ug/m3 SC,6,Hillcrest High School,1,100,81102,PM10 Total 0-10um STP,44180,"Springfield, MO",29,Missouri,77,Greene,37.25613703,-93.29989384
2/5/2021,AQS,290770036,3,14,ug/m3 SC,13,Hillcrest High School,1,100,81102,PM10 Total 0-10um STP,44180,"Springfield, MO",29,Missouri,77,Greene,37.25613703,-93.29989384
2/6/2021,AQS,290770036,3,6,ug/m3 SC,6,Hillcrest High School,1,100,81102,PM10 Total 0-10um STP,44180,"Springfield, MO",29,Missouri,77,Greene,37.25613703,-93.29989384
2/7/2021,AQS,290770036,3,6,ug/m3 SC,6,Hillcrest High School,1,100,81102,PM10 Total 0-10um STP,44180,"Springfield, MO",29,Missouri,77,Greene,37.25613703,-93.29989384
2/8/2021,AQS,290770036,3,6,ug/m3 SC,6,Hillcrest High School,1,100,81102,PM10 Total 0-10um STP,44180,"Springfield, MO",29,Missouri,77,Greene,37.25613703,-93.29989384
2/9/2021,AQS,290770036,3,7,ug/m3 SC,6,Hillcrest High School,1,100,81102,PM10 Total 0-10um STP,44180,"Springfield, MO",29,Missouri,77,Greene,37.25613703,-93.29989384
2/10/2021,AQS,290770036,3,7,ug/m3 SC,6,Hillcrest High School,1,100,81102,PM10 Total 0-10um STP,44180,"Springfield, MO",29,Missouri,77,Greene,37.25613703,-93.29989384
2/11/2021,AQS,290770036,3,8,ug/m3 SC,7,Hillcrest High School,1,100,81102,PM10 Total 0-10um STP,44180,"Springfield, MO",29,Missouri,77,Greene,37.25613703,-93.29989384
2/12/2021,AQS,290770036,3,8,ug/m3 SC,7,Hillcrest High School,1,100,81102,PM10 Total 0-10um STP,44180,"Springfield, MO",29,Missouri,77,Greene,37.25613703,-93.29989384
2/13/2021,AQS,290770036,3,8,ug/m3 SC,7,Hillcrest High School,1,100,81102,PM10 Total 0-10um STP,44180,"Springfield, MO",29,Missouri,77,Greene,37.25613703,-93.29989384
2/14/2021,AQS,290770036,3,8,ug/m3 SC,7,Hillcrest High School,1,100,81102,PM10 Total 0-10um STP,44180,"Springfield, MO",29,Missouri,77,Greene,37.25613703,-93.29989384
2/15/2021,AQS,290770036,3,2,ug/m3 SC,2,Hillcrest High School,1,100,81102,PM10 Total 0-10um STP,44180,"Springfield, MO",29,Missouri,77,Greene,37.25613703,-93.29989384
2/16/2021,AQS,290770036,3,8,ug/m3 SC,7,Hillcrest High School,1,100,81102,PM10 Total 0-10um STP,44180,"Springfield, MO",29,Missouri,77,Greene,37.25613703,-93.29989384
2/17/2021,AQS,290770036,3,6,ug/m3 SC,6,Hillcrest High School,1,100,81102,PM10 Total 0-10um STP,44180,"Springfield, MO",29,Missouri,77,Greene,37.25613703,-93.29989384
2/18/2021,AQS,290770036,3,8,ug/m3 SC,7,Hillcrest High School,1,100,81102,PM10 Total 0-10um STP,44180,"Springfield, MO",29,Missouri,77,Greene,37.25613703,-93.29989384
2/19/2021,AQS,290770036,3,17,ug/m3 SC,16,Hillcrest High School,1,100,81102,PM10 Total 0-10um STP,44180,"Springfield, MO",29,Missouri,77,Greene,37.25613703,-93.29989384
2/20/2021,AQS,290770036,3,12,ug/m3 SC,11,Hillcrest High School,1,100,81102,PM10 Total 0-10um STP,44180,"Springfield, MO",29,Missouri,77,Greene,37.25613703,-93.29989384
2/21/2021,AQS,290770036,3,9,ug/m3 SC,8,Hillcrest High School,1,100,81102,PM10 Total 0-10um STP,44180,"Springfield, MO",29,Missouri,77,Greene,37.25613703,-93.29989384
2/22/2021,AQS,290770036,3,8,ug/m3 SC,7,Hillcrest High School,1,100,81102,PM10 Total 0-10um STP,44180,"Springfield, MO",29,Missouri,77,Greene,37.25613703,-93.29989384
2/23/2021,AQS,290770036,3,17,ug/m3 SC,16,Hillcrest High School,1,100,81102,PM10 Total 0-10um STP,44180,"Springfield, MO",29,Missouri,77,Greene,37.25613703,-93.29989384
2/24/2021,AQS,290770036,3,18,ug/m3 SC,17,Hillcrest High School,1,100,81102,PM10 Total 0-10um STP,44180,"Springfield, MO",29,Missouri,77,Greene,37.25613703,-93.29989384
2/25/2021,AQS,290770036,3,9,ug/m3 SC,8,Hillcrest High School,1,100,81102,PM10 Total 0-10um STP,44180,"Springfield, MO",29,Missouri,77,Greene,37.25613703,-93.29989384
2/26/2021,AQS,290770036,3,8,ug/m3 SC,7,Hillcrest High School,1,100,81102,PM10 Total 0-10um STP,44180,"Springfield, MO",29,Missouri,77,Greene,37.25613703,-93.29989384
2/27/2021,AQS,290770036,3,10,ug/m3 SC,9,Hillcrest High School,1,100,81102,PM10 Total 0-10um STP,44180,"Springfield, MO",29,Missouri,77,Greene,37.25613703,-93.29989384
2/28/2021,AQS,290770036,3,7,ug/m3 SC,6,Hillcrest High School,1,100,81102,PM10 Total 0-10um STP,44180,"Springfield, MO",29,Missouri,77,Greene,37.25613703,-93.29989384
1/1/2021,AQS,290950018,3,9,ug/m3 SC,8,,1,100,81102,PM10 Total 0-10um STP,28140,"Kansas City, MO-KS",29,Missouri,95,Jackson,39.13201608,-94.53151843
1/2/2021,AQS,290950018,3,21,ug/m3 SC,19,,1,100,81102,PM10 Total 0-10um STP,28140,"Kansas City, MO-KS",29,Missouri,95,Jackson,39.13201608,-94.53151843
1/3/2021,AQS,290950018,3,13,ug/m3 SC,12,,1,100,81102,PM10 Total 0-10um STP,28140,"Kansas City, MO-KS",29,Missouri,95,Jackson,39.13201608,-94.53151843
1/4/2021,AQS,290950018,3,13,ug/m3 SC,12,,1,100,81102,PM10 Total 0-10um STP,28140,"Kansas City, MO-KS",29,Missouri,95,Jackson,39.13201608,-94.53151843
1/5/2021,AQS,290950018,3,26,ug/m3 SC,24,,1,100,81102,PM10 Total 0-10um STP,28140,"Kansas City, MO-KS",29,Missouri,95,Jackson,39.13201608,-94.53151843
1/6/2021,AQS,290950018,3,11,ug/m3 SC,10,,1,100,81102,PM10 Total 0-10um STP,28140,"Kansas City, MO-KS",29,Missouri,95,Jackson,39.13201608,-94.53151843
1/7/2021,AQS,290950018,3,11,ug/m3 SC,10,,1,100,81102,PM10 Total 0-10um STP,28140,"Kansas City, MO-KS",29,Missouri,95,Jackson,39.13201608,-94.53151843
1/8/2021,AQS,290950018,3,17,ug/m3 SC,16,,1,100,81102,PM10 Total 0-10um STP,28140,"Kansas City, MO-KS",29,Missouri,95,Jackson,39.13201608,-94.53151843
1/9/2021,AQS,290950018,3,14,ug/m3 SC,13,,1,100,81102,PM10 Total 0-10um STP,28140,"Kansas City, MO-KS",29,Missouri,95,Jackson,39.13201608,-94.53151843
1/10/2021,AQS,290950018,3,11,ug/m3 SC,10,,1,100,81102,PM10 Total 0-10um STP,28140,"Kansas City, MO-KS",29,Missouri,95,Jackson,39.13201608,-94.53151843
1/11/2021,AQS,290950018,3,37,ug/m3 SC,34,,1,100,81102,PM10 Total 0-10um STP,28140,"Kansas City, MO-KS",29,Missouri,95,Jackson,39.13201608,-94.53151843
1/12/2021,AQS,290950018,3,39,ug/m3 SC,36,,1,100,81102,PM10 Total 0-10um STP,28140,"Kansas City, MO-KS",29,Missouri,95,Jackson,39.13201608,-94.53151843
1/13/2021,AQS,290950018,3,39,ug/m3 SC,36,,1,100,81102,PM10 Total 0-10um STP,28140,"Kansas City, MO-KS",29,Missouri,95,Jackson,39.13201608,-94.53151843
1/14/2021,AQS,290950018,3,56,ug/m3 SC,51,,1,100,81102,PM10 Total 0-10um STP,28140,"Kansas City, MO-KS",29,Missouri,95,Jackson,39.13201608,-94.53151843
1/15/2021,AQS,290950018,3,13,ug/m3 SC,12,,1,100,81102,PM10 Total 0-10um STP,28140,"Kansas City, MO-KS",29,Missouri,95,Jackson,39.13201608,-94.53151843
1/16/2021,AQS,290950018,3,8,ug/m3 SC,7,,1,100,81102,PM10 Total 0-10um STP,28140,"Kansas City, MO-KS",29,Missouri,95,Jackson,39.13201608,-94.53151843
1/17/2021,AQS,290950018,3,12,ug/m3 SC,11,,1,100,81102,PM10 Total 0-10um STP,28140,"Kansas City, MO-KS",29,Missouri,95,Jackson,39.13201608,-94.53151843
1/18/2021,AQS,290950018,3,20,ug/m3 SC,19,,1,100,81102,PM10 Total 0-10um STP,28140,"Kansas City, MO-KS",29,Missouri,95,Jackson,39.13201608,-94.53151843
1/19/2021,AQS,290950018,3,27,ug/m3 SC,25,,1,100,81102,PM10 Total 0-10um STP,28140,"Kansas City, MO-KS",29,Missouri,95,Jackson,39.13201608,-94.53151843
1/20/2021,AQS,290950018,3,47,ug/m3 SC,44,,1,100,81102,PM10 Total 0-10um STP,28140,"Kansas City, MO-KS",29,Missouri,95,Jackson,39.13201608,-94.53151843
1/21/2021,AQS,290950018,3,52,ug/m3 SC,48,,1,100,81102,PM10 Total 0-10um STP,28140,"Kansas City, MO-KS",29,Missouri,95,Jackson,39.13201608,-94.53151843
1/22/2021,AQS,290950018,3,20,ug/m3 SC,19,,1,100,81102,PM10 Total 0-10um STP,28140,"Kansas City, MO-KS",29,Missouri,95,Jackson,39.13201608,-94.53151843
1/23/2021,AQS,290950018,3,17,ug/m3 SC,16,,1,100,81102,PM10 Total 0-10um STP,28140,"Kansas City, MO-KS",29,Missouri,95,Jackson,39.13201608,-94.53151843
1/24/2021,AQS,290950018,3,20,ug/m3 SC,19,,1,100,81102,PM10 Total 0-10um STP,28140,"Kansas City, MO-KS",29,Missouri,95,Jackson,39.13201608,-94.53151843
1/25/2021,AQS,290950018,3,9,ug/m3 SC,8,,1,100,81102,PM10 Total 0-10um STP,28140,"Kansas City, MO-KS",29,Missouri,95,Jackson,39.13201608,-94.53151843
1/26/2021,AQS,290950018,3,10,ug/m3 SC,9,,1,100,81102,PM10 Total 0-10um STP,28140,"Kansas City, MO-KS",29,Missouri,95,Jackson,39.13201608,-94.53151843
1/27/2021,AQS,290950018,3,9,ug/m3 SC,8,,1,100,81102,PM10 Total 0-10um STP,28140,"Kansas City, MO-KS",29,Missouri,95,Jackson,39.13201608,-94.53151843
1/28/2021,AQS,290950018,3,17,ug/m3 SC,16,,1,100,81102,PM10 Total 0-10um STP,28140,"Kansas City, MO-KS",29,Missouri,95,Jackson,39.13201608,-94.53151843
1/29/2021,AQS,290950018,3,23,ug/m3 SC,21,,1,100,81102,PM10 Total 0-10um STP,28140,"Kansas City, MO-KS",29,Missouri,95,Jackson,39.13201608,-94.53151843
1/30/2021,AQS,290950018,3,12,ug/m3 SC,11,,1,100,81102,PM10 Total 0-10um STP,28140,"Kansas City, MO-KS",29,Missouri,95,Jackson,39.13201608,-94.53151843
1/31/2021,AQS,290950018,3,14,ug/m3 SC,13,,1,100,81102,PM10 Total 0-10um STP,28140,"Kansas City, MO-KS",29,Missouri,95,Jackson,39.13201608,-94.53151843
2/1/2021,AQS,290950018,3,17,ug/m3 SC,16,,1,100,81102,PM10 Total 0-10um STP,28140,"Kansas City, MO-KS",29,Missouri,95,Jackson,39.13201608,-94.53151843
2/2/2021,AQS,290950018,3,18,ug/m3 SC,17,,1,100,81102,PM10 Total 0-10um STP,28140,"Kansas City, MO-KS",29,Missouri,95,Jackson,39.13201608,-94.53151843
2/3/2021,AQS,290950018,3,28,ug/m3 SC,26,,1,100,81102,PM10 Total 0-10um STP,28140,"Kansas City, MO-KS",29,Missouri,95,Jackson,39.13201608,-94.53151843
2/4/2021,AQS,290950018,3,21,ug/m3 SC,19,,1,100,81102,PM10 Total 0-10um STP,28140,"Kansas City, MO-KS",29,Missouri,95,Jackson,39.13201608,-94.53151843
2/5/2021,AQS,290950018,3,28,ug/m3 SC,26,,1,100,81102,PM10 Total 0-10um STP,28140,"Kansas City, MO-KS",29,Missouri,95,Jackson,39.13201608,-94.53151843
2/6/2021,AQS,290950018,3,11,ug/m3 SC,10,,1,100,81102,PM10 Total 0-10um STP,28140,"Kansas City, MO-KS",29,Missouri,95,Jackson,39.13201608,-94.53151843
2/7/2021,AQS,290950018,3,8,ug/m3 SC,7,,1,100,81102,PM10 Total 0-10um STP,28140,"Kansas City, MO-KS",29,Missouri,95,Jackson,39.13201608,-94.53151843
2/8/2021,AQS,290950018,3,8,ug/m3 SC,7,,1,100,81102,PM10 Total 0-10um STP,28140,"Kansas City, MO-KS",29,Missouri,95,Jackson,39.13201608,-94.53151843
2/9/2021,AQS,290950018,3,8,ug/m3 SC,7,,1,100,81102,PM10 Total 0-10um STP,28140,"Kansas City, MO-KS",29,Missouri,95,Jackson,39.13201608,-94.53151843
2/10/2021,AQS,290950018,3,12,ug/m3 SC,11,,1,100,81102,PM10 Total 0-10um STP,28140,"Kansas City, MO-KS",29,Missouri,95,Jackson,39.13201608,-94.53151843
2/11/2021,AQS,290950018,3,17,ug/m3 SC,16,,1,100,81102,PM10 Total 0-10um STP,28140,"Kansas City, MO-KS",29,Missouri,95,Jackson,39.13201608,-94.53151843
2/12/2021,AQS,290950018,3,19,ug/m3 SC,18,,1,100,81102,PM10 Total 0-10um STP,28140,"Kansas City, MO-KS",29,Missouri,95,Jackson,39.13201608,-94.53151843
2/13/2021,AQS,290950018,3,12,ug/m3 SC,11,,1,100,81102,PM10 Total 0-10um STP,28140,"Kansas City, MO-KS",29,Missouri,95,Jackson,39.13201608,-94.53151843
2/14/2021,AQS,290950018,3,11,ug/m3 SC,10,,1,100,81102,PM10 Total 0-10um STP,28140,"Kansas City, MO-KS",29,Missouri,95,Jackson,39.13201608,-94.53151843
2/15/2021,AQS,290950018,3,9,ug/m3 SC,8,,1,100,81102,PM10 Total 0-10um STP,28140,"Kansas City, MO-KS",29,Missouri,95,Jackson,39.13201608,-94.53151843
2/16/2021,AQS,290950018,3,16,ug/m3 SC,15,,1,100,81102,PM10 Total 0-10um STP,28140,"Kansas City, MO-KS",29,Missouri,95,Jackson,39.13201608,-94.53151843
2/17/2021,AQS,290950018,3,14,ug/m3 SC,13,,1,100,81102,PM10 Total 0-10um STP,28140,"Kansas City, MO-KS",29,Missouri,95,Jackson,39.13201608,-94.53151843
2/18/2021,AQS,290950018,3,18,ug/m3 SC,17,,1,100,81102,PM10 Total 0-10um STP,28140,"Kansas City, MO-KS",29,Missouri,95,Jackson,39.13201608,-94.53151843
2/19/2021,AQS,290950018,3,42,ug/m3 SC,39,,1,100,81102,PM10 Total 0-10um STP,28140,"Kansas City, MO-KS",29,Missouri,95,Jackson,39.13201608,-94.53151843
2/20/2021,AQS,290950018,3,31,ug/m3 SC,29,,1,100,81102,PM10 Total 0-10um STP,28140,"Kansas City, MO-KS",29,Missouri,95,Jackson,39.13201608,-94.53151843
2/21/2021,AQS,290950018,3,14,ug/m3 SC,13,,1,100,81102,PM10 Total 0-10um STP,28140,"Kansas City, MO-KS",29,Missouri,95,Jackson,39.13201608,-94.53151843
2/22/2021,AQS,290950018,3,27,ug/m3 SC,25,,1,100,81102,PM10 Total 0-10um STP,28140,"Kansas City, MO-KS",29,Missouri,95,Jackson,39.13201608,-94.53151843
2/23/2021,AQS,290950018,3,65,ug/m3 SC,56,,1,100,81102,PM10 Total 0-10um STP,28140,"Kansas City, MO-KS",29,Missouri,95,Jackson,39.13201608,-94.53151843
2/24/2021,AQS,290950018,3,43,ug/m3 SC,40,,1,100,81102,PM10 Total 0-10um STP,28140,"Kansas City, MO-KS",29,Missouri,95,Jackson,39.13201608,-94.53151843
2/25/2021,AQS,290950018,3,58,ug/m3 SC,52,,1,100,81102,PM10 Total 0-10um STP,28140,"Kansas City, MO-KS",29,Missouri,95,Jackson,39.13201608,-94.53151843
2/26/2021,AQS,290950018,3,42,ug/m3 SC,39,,1,100,81102,PM10 Total 0-10um STP,28140,"Kansas City, MO-KS",29,Missouri,95,Jackson,39.13201608,-94.53151843
2/27/2021,AQS,290950018,3,25,ug/m3 SC,23,,1,100,81102,PM10 Total 0-10um STP,28140,"Kansas City, MO-KS",29,Missouri,95,Jackson,39.13201608,-94.53151843
2/28/2021,AQS,290950018,3,14,ug/m3 SC,13,,1,100,81102,PM10 Total 0-10um STP,28140,"Kansas City, MO-KS",29,Missouri,95,Jackson,39.13201608,-94.53151843
1/1/2021,AQS,290950034,6,14,ug/m3 SC,13,Troost,1,100,81102,PM10 Total 0-10um STP,28140,"Kansas City, MO-KS",29,Missouri,95,Jackson,39.10468637,-94.57078959
1/2/2021,AQS,290950034,6,40,ug/m3 SC,37,Troost,1,100,81102,PM10 Total 0-10um STP,28140,"Kansas City, MO-KS",29,Missouri,95,Jackson,39.10468637,-94.57078959
1/3/2021,AQS,290950034,6,21,ug/m3 SC,19,Troost,1,100,81102,PM10 Total 0-10um STP,28140,"Kansas City, MO-KS",29,Missouri,95,Jackson,39.10468637,-94.57078959
1/4/2021,AQS,290950034,6,14,ug/m3 SC,13,Troost,1,100,81102,PM10 Total 0-10um STP,28140,"Kansas City, MO-KS",29,Missouri,95,Jackson,39.10468637,-94.57078959
1/5/2021,AQS,290950034,6,15,ug/m3 SC,14,Troost,1,100,81102,PM10 Total 0-10um STP,28140,"Kansas City, MO-KS",29,Missouri,95,Jackson,39.10468637,-94.57078959
1/6/2021,AQS,290950034,6,12,ug/m3 SC,11,Troost,1,100,81102,PM10 Total 0-10um STP,28140,"Kansas City, MO-KS",29,Missouri,95,Jackson,39.10468637,-94.57078959
1/7/2021,AQS,290950034,6,21,ug/m3 SC,19,Troost,1,100,81102,PM10 Total 0-10um STP,28140,"Kansas City, MO-KS",29,Missouri,95,Jackson,39.10468637,-94.57078959
1/8/2021,AQS,290950034,6,27,ug/m3 SC,25,Troost,1,100,81102,PM10 Total 0-10um STP,28140,"Kansas City, MO-KS",29,Missouri,95,Jackson,39.10468637,-94.57078959
1/9/2021,AQS,290950034,6,25,ug/m3 SC,23,Troost,1,100,81102,PM10 Total 0-10um STP,28140,"Kansas City, MO-KS",29,Missouri,95,Jackson,39.10468637,-94.57078959
1/10/2021,AQS,290950034,6,20,ug/m3 SC,19,Troost,1,100,81102,PM10 Total 0-10um STP,28140,"Kansas City, MO-KS",29,Missouri,95,Jackson,39.10468637,-94.57078959
1/11/2021,AQS,290950034,6,21,ug/m3 SC,19,Troost,1,100,81102,PM10 Total 0-10um STP,28140,"Kansas City, MO-KS",29,Missouri,95,Jackson,39.10468637,-94.57078959
1/12/2021,AQS,290950034,6,18,ug/m3 SC,17,Troost,1,100,81102,PM10 Total 0-10um STP,28140,"Kansas City, MO-KS",29,Missouri,95,Jackson,39.10468637,-94.57078959
1/13/2021,AQS,290950034,6,22,ug/m3 SC,20,Troost,1,100,81102,PM10 Total 0-10um STP,28140,"Kansas City, MO-KS",29,Missouri,95,Jackson,39.10468637,-94.57078959
1/14/2021,AQS,290950034,6,31,ug/m3 SC,29,Troost,1,100,81102,PM10 Total 0-10um STP,28140,"Kansas City, MO-KS",29,Missouri,95,Jackson,39.10468637,-94.57078959
1/15/2021,AQS,290950034,6,12,ug/m3 SC,11,Troost,1,100,81102,PM10 Total 0-10um STP,28140,"Kansas City, MO-KS",29,Missouri,95,Jackson,39.10468637,-94.57078959
1/16/2021,AQS,290950034,6,12,ug/m3 SC,11,Troost,1,100,81102,PM10 Total 0-10um STP,28140,"Kansas City, MO-KS",29,Missouri,95,Jackson,39.10468637,-94.57078959
1/17/2021,AQS,290950034,6,14,ug/m3 SC,13,Troost,1,100,81102,PM10 Total 0-10um STP,28140,"Kansas City, MO-KS",29,Missouri,95,Jackson,39.10468637,-94.57078959
1/18/2021,AQS,290950034,6,19,ug/m3 SC,18,Troost,1,100,81102,PM10 Total 0-10um STP,28140,"Kansas City, MO-KS",29,Missouri,95,Jackson,39.10468637,-94.57078959
1/19/2021,AQS,290950034,6,16,ug/m3 SC,15,Troost,1,100,81102,PM10 Total 0-10um STP,28140,"Kansas City, MO-KS",29,Missouri,95,Jackson,39.10468637,-94.57078959
1/20/2021,AQS,290950034,6,21,ug/m3 SC,19,Troost,1,100,81102,PM10 Total 0-10um STP,28140,"Kansas City, MO-KS",29,Missouri,95,Jackson,39.10468637,-94.57078959
1/21/2021,AQS,290950034,6,31,ug/m3 SC,29,Troost,1,100,81102,PM10 Total 0-10um STP,28140,"Kansas City, MO-KS",29,Missouri,95,Jackson,39.10468637,-94.57078959
1/22/2021,AQS,290950034,6,12,ug/m3 SC,11,Troost,1,100,81102,PM10 Total 0-10um STP,28140,"Kansas City, MO-KS",29,Missouri,95,Jackson,39.10468637,-94.57078959
1/23/2021,AQS,290950034,6,16,ug/m3 SC,15,Troost,1,100,81102,PM10 Total 0-10um STP,28140,"Kansas City, MO-KS",29,Missouri,95,Jackson,39.10468637,-94.57078959
1/24/2021,AQS,290950034,6,23,ug/m3 SC,21,Troost,1,100,81102,PM10 Total 0-10um STP,28140,"Kansas City, MO-KS",29,Missouri,95,Jackson,39.10468637,-94.57078959
1/25/2021,AQS,290950034,6,14,ug/m3 SC,13,Troost,1,100,81102,PM10 Total 0-10um STP,28140,"Kansas City, MO-KS",29,Missouri,95,Jackson,39.10468637,-94.57078959
1/26/2021,AQS,290950034,6,17,ug/m3 SC,16,Troost,1,100,81102,PM10 Total 0-10um STP,28140,"Kansas City, MO-KS",29,Missouri,95,Jackson,39.10468637,-94.57078959
1/27/2021,AQS,290950034,6,15,ug/m3 SC,14,Troost,1,100,81102,PM10 Total 0-10um STP,28140,"Kansas City, MO-KS",29,Missouri,95,Jackson,39.10468637,-94.57078959
1/28/2021,AQS,290950034,6,16,ug/m3 SC,15,Troost,1,100,81102,PM10 Total 0-10um STP,28140,"Kansas City, MO-KS",29,Missouri,95,Jackson,39.10468637,-94.57078959
1/29/2021,AQS,290950034,6,22,ug/m3 SC,20,Troost,1,100,81102,PM10 Total 0-10um STP,28140,"Kansas City, MO-KS",29,Missouri,95,Jackson,39.10468637,-94.57078959
1/30/2021,AQS,290950034,6,12,ug/m3 SC,11,Troost,1,100,81102,PM10 Total 0-10um STP,28140,"Kansas City, MO-KS",29,Missouri,95,Jackson,39.10468637,-94.57078959
1/31/2021,AQS,290950034,6,29,ug/m3 SC,27,Troost,1,100,81102,PM10 Total 0-10um STP,28140,"Kansas City, MO-KS",29,Missouri,95,Jackson,39.10468637,-94.57078959
2/1/2021,AQS,290950034,6,21,ug/m3 SC,19,Troost,1,100,81102,PM10 Total 0-10um STP,28140,"Kansas City, MO-KS",29,Missouri,95,Jackson,39.10468637,-94.57078959
2/2/2021,AQS,290950034,6,23,ug/m3 SC,21,Troost,1,100,81102,PM10 Total 0-10um STP,28140,"Kansas City, MO-KS",29,Missouri,95,Jackson,39.10468637,-94.57078959
2/3/2021,AQS,290950034,6,23,ug/m3 SC,21,Troost,1,100,81102,PM10 Total 0-10um STP,28140,"Kansas City, MO-KS",29,Missouri,95,Jackson,39.10468637,-94.57078959
2/4/2021,AQS,290950034,6,18,ug/m3 SC,17,Troost,1,100,81102,PM10 Total 0-10um STP,28140,"Kansas City, MO-KS",29,Missouri,95,Jackson,39.10468637,-94.57078959
2/5/2021,AQS,290950034,6,20,ug/m3 SC,19,Troost,1,100,81102,PM10 Total 0-10um STP,28140,"Kansas City, MO-KS",29,Missouri,95,Jackson,39.10468637,-94.57078959
2/6/2021,AQS,290950034,6,14,ug/m3 SC,13,Troost,1,100,81102,PM10 Total 0-10um STP,28140,"Kansas City, MO-KS",29,Missouri,95,Jackson,39.10468637,-94.57078959
2/7/2021,AQS,290950034,6,10,ug/m3 SC,9,Troost,1,100,81102,PM10 Total 0-10um STP,28140,"Kansas City, MO-KS",29,Missouri,95,Jackson,39.10468637,-94.57078959
2/8/2021,AQS,290950034,6,10,ug/m3 SC,9,Troost,1,100,81102,PM10 Total 0-10um STP,28140,"Kansas City, MO-KS",29,Missouri,95,Jackson,39.10468637,-94.57078959
2/9/2021,AQS,290950034,6,12,ug/m3 SC,11,Troost,1,100,81102,PM10 Total 0-10um STP,28140,"Kansas City, MO-KS",29,Missouri,95,Jackson,39.10468637,-94.57078959
2/10/2021,AQS,290950034,6,24,ug/m3 SC,22,Troost,1,100,81102,PM10 Total 0-10um STP,28140,"Kansas City, MO-KS",29,Missouri,95,Jackson,39.10468637,-94.57078959
2/11/2021,AQS,290950034,6,28,ug/m3 SC,26,Troost,1,100,81102,PM10 Total 0-10um STP,28140,"Kansas City, MO-KS",29,Missouri,95,Jackson,39.10468637,-94.57078959
2/12/2021,AQS,290950034,6,35,ug/m3 SC,32,Troost,1,100,81102,PM10 Total 0-10um STP,28140,"Kansas City, MO-KS",29,Missouri,95,Jackson,39.10468637,-94.57078959
2/13/2021,AQS,290950034,6,15,ug/m3 SC,14,Troost,1,100,81102,PM10 Total 0-10um STP,28140,"Kansas City, MO-KS",29,Missouri,95,Jackson,39.10468637,-94.57078959
2/14/2021,AQS,290950034,6,13,ug/m3 SC,12,Troost,1,100,81102,PM10 Total 0-10um STP,28140,"Kansas City, MO-KS",29,Missouri,95,Jackson,39.10468637,-94.57078959
2/15/2021,AQS,290950034,6,13,ug/m3 SC,12,Troost,1,100,81102,PM10 Total 0-10um STP,28140,"Kansas City, MO-KS",29,Missouri,95,Jackson,39.10468637,-94.57078959
2/16/2021,AQS,290950034,6,17,ug/m3 SC,16,Troost,1,100,81102,PM10 Total 0-10um STP,28140,"Kansas City, MO-KS",29,Missouri,95,Jackson,39.10468637,-94.57078959
2/17/2021,AQS,290950034,6,14,ug/m3 SC,13,Troost,1,100,81102,PM10 Total 0-10um STP,28140,"Kansas City, MO-KS",29,Missouri,95,Jackson,39.10468637,-94.57078959
2/18/2021,AQS,290950034,6,38,ug/m3 SC,35,Troost,1,100,81102,PM10 Total 0-10um STP,28140,"Kansas City, MO-KS",29,Missouri,95,Jackson,39.10468637,-94.57078959
2/19/2021,AQS,290950034,6,42,ug/m3 SC,39,Troost,1,100,81102,PM10 Total 0-10um STP,28140,"Kansas City, MO-KS",29,Missouri,95,Jackson,39.10468637,-94.57078959
2/20/2021,AQS,290950034,6,39,ug/m3 SC,36,Troost,1,100,81102,PM10 Total 0-10um STP,28140,"Kansas City, MO-KS",29,Missouri,95,Jackson,39.10468637,-94.57078959
2/21/2021,AQS,290950034,6,20,ug/m3 SC,19,Troost,1,100,81102,PM10 Total 0-10um STP,28140,"Kansas City, MO-KS",29,Missouri,95,Jackson,39.10468637,-94.57078959
2/22/2021,AQS,290950034,6,17,ug/m3 SC,16,Troost,1,100,81102,PM10 Total 0-10um STP,28140,"Kansas City, MO-KS",29,Missouri,95,Jackson,39.10468637,-94.57078959
2/23/2021,AQS,290950034,6,28,ug/m3 SC,26,Troost,1,100,81102,PM10 Total 0-10um STP,28140,"Kansas City, MO-KS",29,Missouri,95,Jackson,39.10468637,-94.57078959
2/24/2021,AQS,290950034,6,19,ug/m3 SC,18,Troost,1,100,81102,PM10 Total 0-10um STP,28140,"Kansas City, MO-KS",29,Missouri,95,Jackson,39.10468637,-94.57078959
2/25/2021,AQS,290950034,6,27,ug/m3 SC,25,Troost,1,100,81102,PM10 Total 0-10um STP,28140,"Kansas City, MO-KS",29,Missouri,95,Jackson,39.10468637,-94.57078959
2/26/2021,AQS,290950034,6,22,ug/m3 SC,20,Troost,1,100,81102,PM10 Total 0-10um STP,28140,"Kansas City, MO-KS",29,Missouri,95,Jackson,39.10468637,-94.57078959
2/27/2021,AQS,290950034,6,21,ug/m3 SC,19,Troost,1,100,81102,PM10 Total 0-10um STP,28140,"Kansas City, MO-KS",29,Missouri,95,Jackson,39.10468637,-94.57078959
2/28/2021,AQS,290950034,6,17,ug/m3 SC,16,Troost,1,100,81102,PM10 Total 0-10um STP,28140,"Kansas City, MO-KS",29,Missouri,95,Jackson,39.10468637,-94.57078959
1/1/2021,AQS,290970003,3,4,ug/m3 SC,4,Carthage,1,100,81102,PM10 Total 0-10um STP,27900,"Joplin, MO",29,Missouri,97,Jasper,37.19828622,-94.31724552
1/2/2021,AQS,290970003,3,8,ug/m3 SC,7,Carthage,1,100,81102,PM10 Total 0-10um STP,27900,"Joplin, MO",29,Missouri,97,Jasper,37.19828622,-94.31724552
1/3/2021,AQS,290970003,3,56,ug/m3 SC,51,Carthage,1,100,81102,PM10 Total 0-10um STP,27900,"Joplin, MO",29,Missouri,97,Jasper,37.19828622,-94.31724552
1/4/2021,AQS,290970003,3,30,ug/m3 SC,28,Carthage,1,100,81102,PM10 Total 0-10um STP,27900,"Joplin, MO",29,Missouri,97,Jasper,37.19828622,-94.31724552
1/5/2021,AQS,290970003,3,51,ug/m3 SC,47,Carthage,1,100,81102,PM10 Total 0-10um STP,27900,"Joplin, MO",29,Missouri,97,Jasper,37.19828622,-94.31724552
1/6/2021,AQS,290970003,3,5,ug/m3 SC,5,Carthage,1,100,81102,PM10 Total 0-10um STP,27900,"Joplin, MO",29,Missouri,97,Jasper,37.19828622,-94.31724552
1/7/2021,AQS,290970003,3,7,ug/m3 SC,6,Carthage,1,100,81102,PM10 Total 0-10um STP,27900,"Joplin, MO",29,Missouri,97,Jasper,37.19828622,-94.31724552
1/8/2021,AQS,290970003,3,9,ug/m3 SC,8,Carthage,1,100,81102,PM10 Total 0-10um STP,27900,"Joplin, MO",29,Missouri,97,Jasper,37.19828622,-94.31724552
1/9/2021,AQS,290970003,3,11,ug/m3 SC,10,Carthage,1,100,81102,PM10 Total 0-10um STP,27900,"Joplin, MO",29,Missouri,97,Jasper,37.19828622,-94.31724552
1/10/2021,AQS,290970003,3,14,ug/m3 SC,13,Carthage,1,100,81102,PM10 Total 0-10um STP,27900,"Joplin, MO",29,Missouri,97,Jasper,37.19828622,-94.31724552
1/11/2021,AQS,290970003,3,62,ug/m3 SC,54,Carthage,1,100,81102,PM10 Total 0-10um STP,27900,"Joplin, MO",29,Missouri,97,Jasper,37.19828622,-94.31724552
1/12/2021,AQS,290970003,3,90,ug/m3 SC,68,Carthage,1,100,81102,PM10 Total 0-10um STP,27900,"Joplin, MO",29,Missouri,97,Jasper,37.19828622,-94.31724552
1/13/2021,AQS,290970003,3,67,ug/m3 SC,57,Carthage,1,100,81102,PM10 Total 0-10um STP,27900,"Joplin, MO",29,Missouri,97,Jasper,37.19828622,-94.31724552
1/14/2021,AQS,290970003,3,54,ug/m3 SC,50,Carthage,1,100,81102,PM10 Total 0-10um STP,27900,"Joplin, MO",29,Missouri,97,Jasper,37.19828622,-94.31724552
1/15/2021,AQS,290970003,3,21,ug/m3 SC,19,Carthage,1,100,81102,PM10 Total 0-10um STP,27900,"Joplin, MO",29,Missouri,97,Jasper,37.19828622,-94.31724552
1/16/2021,AQS,290970003,3,8,ug/m3 SC,7,Carthage,1,100,81102,PM10 Total 0-10um STP,27900,"Joplin, MO",29,Missouri,97,Jasper,37.19828622,-94.31724552
1/17/2021,AQS,290970003,3,11,ug/m3 SC,10,Carthage,1,100,81102,PM10 Total 0-10um STP,27900,"Joplin, MO",29,Missouri,97,Jasper,37.19828622,-94.31724552
1/18/2021,AQS,290970003,3,61,ug/m3 SC,54,Carthage,1,100,81102,PM10 Total 0-10um STP,27900,"Joplin, MO",29,Missouri,97,Jasper,37.19828622,-94.31724552
1/19/2021,AQS,290970003,3,73,ug/m3 SC,60,Carthage,1,100,81102,PM10 Total 0-10um STP,27900,"Joplin, MO",29,Missouri,97,Jasper,37.19828622,-94.31724552
1/20/2021,AQS,290970003,3,58,ug/m3 SC,52,Carthage,1,100,81102,PM10 Total 0-10um STP,27900,"Joplin, MO",29,Missouri,97,Jasper,37.19828622,-94.31724552
1/21/2021,AQS,290970003,3,33,ug/m3 SC,31,Carthage,1,100,81102,PM10 Total 0-10um STP,27900,"Joplin, MO",29,Missouri,97,Jasper,37.19828622,-94.31724552
1/22/2021,AQS,290970003,3,9,ug/m3 SC,8,Carthage,1,100,81102,PM10 Total 0-10um STP,27900,"Joplin, MO",29,Missouri,97,Jasper,37.19828622,-94.31724552
1/23/2021,AQS,290970003,3,8,ug/m3 SC,7,Carthage,1,100,81102,PM10 Total 0-10um STP,27900,"Joplin, MO",29,Missouri,97,Jasper,37.19828622,-94.31724552
1/24/2021,AQS,290970003,3,8,ug/m3 SC,7,Carthage,1,100,81102,PM10 Total 0-10um STP,27900,"Joplin, MO",29,Missouri,97,Jasper,37.19828622,-94.31724552
1/25/2021,AQS,290970003,3,5,ug/m3 SC,5,Carthage,1,100,81102,PM10 Total 0-10um STP,27900,"Joplin, MO",29,Missouri,97,Jasper,37.19828622,-94.31724552
1/26/2021,AQS,290970003,3,12,ug/m3 SC,11,Carthage,1,100,81102,PM10 Total 0-10um STP,27900,"Joplin, MO",29,Missouri,97,Jasper,37.19828622,-94.31724552
1/27/2021,AQS,290970003,3,8,ug/m3 SC,7,Carthage,1,100,81102,PM10 Total 0-10um STP,27900,"Joplin, MO",29,Missouri,97,Jasper,37.19828622,-94.31724552
1/28/2021,AQS,290970003,3,8,ug/m3 SC,7,Carthage,1,100,81102,PM10 Total 0-10um STP,27900,"Joplin, MO",29,Missouri,97,Jasper,37.19828622,-94.31724552
1/29/2021,AQS,290970003,3,11,ug/m3 SC,10,Carthage,1,100,81102,PM10 Total 0-10um STP,27900,"Joplin, MO",29,Missouri,97,Jasper,37.19828622,-94.31724552
1/30/2021,AQS,290970003,3,10,ug/m3 SC,9,Carthage,1,100,81102,PM10 Total 0-10um STP,27900,"Joplin, MO",29,Missouri,97,Jasper,37.19828622,-94.31724552
1/31/2021,AQS,290970003,3,10,ug/m3 SC,9,Carthage,1,100,81102,PM10 Total 0-10um STP,27900,"Joplin, MO",29,Missouri,97,Jasper,37.19828622,-94.31724552
2/1/2021,AQS,290970003,3,9,ug/m3 SC,8,Carthage,1,100,81102,PM10 Total 0-10um STP,27900,"Joplin, MO",29,Missouri,97,Jasper,37.19828622,-94.31724552
2/19/2021,AQS,290970003,3,32,ug/m3 SC,30,Carthage,1,100,81102,PM10 Total 0-10um STP,27900,"Joplin, MO",29,Missouri,97,Jasper,37.19828622,-94.31724552
2/20/2021,AQS,290970003,3,18,ug/m3 SC,17,Carthage,1,100,81102,PM10 Total 0-10um STP,27900,"Joplin, MO",29,Missouri,97,Jasper,37.19828622,-94.31724552
2/21/2021,AQS,290970003,3,10,ug/m3 SC,9,Carthage,1,100,81102,PM10 Total 0-10um STP,27900,"Joplin, MO",29,Missouri,97,Jasper,37.19828622,-94.31724552
2/22/2021,AQS,290970003,3,63,ug/m3 SC,55,Carthage,1,100,81102,PM10 Total 0-10um STP,27900,"Joplin, MO",29,Missouri,97,Jasper,37.19828622,-94.31724552
2/23/2021,AQS,290970003,3,35,ug/m3 SC,32,Carthage,1,100,81102,PM10 Total 0-10um STP,27900,"Joplin, MO",29,Missouri,97,Jasper,37.19828622,-94.31724552
2/24/2021,AQS,290970003,3,14,ug/m3 SC,13,Carthage,1,100,81102,PM10 Total 0-10um STP,27900,"Joplin, MO",29,Missouri,97,Jasper,37.19828622,-94.31724552
2/25/2021,AQS,290970003,3,7,ug/m3 SC,6,Carthage,1,100,81102,PM10 Total 0-10um STP,27900,"Joplin, MO",29,Missouri,97,Jasper,37.19828622,-94.31724552
2/26/2021,AQS,290970003,3,18,ug/m3 SC,17,Carthage,1,100,81102,PM10 Total 0-10um STP,27900,"Joplin, MO",29,Missouri,97,Jasper,37.19828622,-94.31724552
2/27/2021,AQS,290970003,3,9,ug/m3 SC,8,Carthage,1,100,81102,PM10 Total 0-10um STP,27900,"Joplin, MO",29,Missouri,97,Jasper,37.19828622,-94.31724552
2/28/2021,AQS,290970003,3,9,ug/m3 SC,8,Carthage,1,100,81102,PM10 Total 0-10um STP,27900,"Joplin, MO",29,Missouri,97,Jasper,37.19828622,-94.31724552
1/1/2021,AQS,290970003,4,4,ug/m3 SC,4,Carthage,1,100,81102,PM10 Total 0-10um STP,27900,"Joplin, MO",29,Missouri,97,Jasper,37.19828622,-94.31724552
1/2/2021,AQS,290970003,4,7,ug/m3 SC,6,Carthage,1,100,81102,PM10 Total 0-10um STP,27900,"Joplin, MO",29,Missouri,97,Jasper,37.19828622,-94.31724552
1/3/2021,AQS,290970003,4,54,ug/m3 SC,50,Carthage,1,100,81102,PM10 Total 0-10um STP,27900,"Joplin, MO",29,Missouri,97,Jasper,37.19828622,-94.31724552
1/4/2021,AQS,290970003,4,29,ug/m3 SC,27,Carthage,1,100,81102,PM10 Total 0-10um STP,27900,"Joplin, MO",29,Missouri,97,Jasper,37.19828622,-94.31724552
1/5/2021,AQS,290970003,4,48,ug/m3 SC,44,Carthage,1,100,81102,PM10 Total 0-10um STP,27900,"Joplin, MO",29,Missouri,97,Jasper,37.19828622,-94.31724552
1/6/2021,AQS,290970003,4,4,ug/m3 SC,4,Carthage,1,100,81102,PM10 Total 0-10um STP,27900,"Joplin, MO",29,Missouri,97,Jasper,37.19828622,-94.31724552
1/7/2021,AQS,290970003,4,6,ug/m3 SC,6,Carthage,1,100,81102,PM10 Total 0-10um STP,27900,"Joplin, MO",29,Missouri,97,Jasper,37.19828622,-94.31724552
1/8/2021,AQS,290970003,4,8,ug/m3 SC,7,Carthage,1,100,81102,PM10 Total 0-10um STP,27900,"Joplin, MO",29,Missouri,97,Jasper,37.19828622,-94.31724552
1/9/2021,AQS,290970003,4,11,ug/m3 SC,10,Carthage,1,100,81102,PM10 Total 0-10um STP,27900,"Joplin, MO",29,Missouri,97,Jasper,37.19828622,-94.31724552
1/10/2021,AQS,290970003,4,13,ug/m3 SC,12,Carthage,1,100,81102,PM10 Total 0-10um STP,27900,"Joplin, MO",29,Missouri,97,Jasper,37.19828622,-94.31724552
1/11/2021,AQS,290970003,4,61,ug/m3 SC,54,Carthage,1,100,81102,PM10 Total 0-10um STP,27900,"Joplin, MO",29,Missouri,97,Jasper,37.19828622,-94.31724552
1/12/2021,AQS,290970003,4,88,ug/m3 SC,67,Carthage,1,100,81102,PM10 Total 0-10um STP,27900,"Joplin, MO",29,Missouri,97,Jasper,37.19828622,-94.31724552
1/13/2021,AQS,290970003,4,66,ug/m3 SC,56,Carthage,1,100,81102,PM10 Total 0-10um STP,27900,"Joplin, MO",29,Missouri,97,Jasper,37.19828622,-94.31724552
1/14/2021,AQS,290970003,4,53,ug/m3 SC,49,Carthage,1,100,81102,PM10 Total 0-10um STP,27900,"Joplin, MO",29,Missouri,97,Jasper,37.19828622,-94.31724552
1/15/2021,AQS,290970003,4,20,ug/m3 SC,19,Carthage,1,100,81102,PM10 Total 0-10um STP,27900,"Joplin, MO",29,Missouri,97,Jasper,37.19828622,-94.31724552
1/16/2021,AQS,290970003,4,7,ug/m3 SC,6,Carthage,1,100,81102,PM10 Total 0-10um STP,27900,"Joplin, MO",29,Missouri,97,Jasper,37.19828622,-94.31724552
1/17/2021,AQS,290970003,4,10,ug/m3 SC,9,Carthage,1,100,81102,PM10 Total 0-10um STP,27900,"Joplin, MO",29,Missouri,97,Jasper,37.19828622,-94.31724552
1/18/2021,AQS,290970003,4,59,ug/m3 SC,53,Carthage,1,100,81102,PM10 Total 0-10um STP,27900,"Joplin, MO",29,Missouri,97,Jasper,37.19828622,-94.31724552
1/19/2021,AQS,290970003,4,71,ug/m3 SC,59,Carthage,1,100,81102,PM10 Total 0-10um STP,27900,"Joplin, MO",29,Missouri,97,Jasper,37.19828622,-94.31724552
1/20/2021,AQS,290970003,4,57,ug/m3 SC,52,Carthage,1,100,81102,PM10 Total 0-10um STP,27900,"Joplin, MO",29,Missouri,97,Jasper,37.19828622,-94.31724552
1/21/2021,AQS,290970003,4,32,ug/m3 SC,30,Carthage,1,100,81102,PM10 Total 0-10um STP,27900,"Joplin, MO",29,Missouri,97,Jasper,37.19828622,-94.31724552
1/22/2021,AQS,290970003,4,8,ug/m3 SC,7,Carthage,1,100,81102,PM10 Total 0-10um STP,27900,"Joplin, MO",29,Missouri,97,Jasper,37.19828622,-94.31724552
1/23/2021,AQS,290970003,4,7,ug/m3 SC,6,Carthage,1,100,81102,PM10 Total 0-10um STP,27900,"Joplin, MO",29,Missouri,97,Jasper,37.19828622,-94.31724552
1/24/2021,AQS,290970003,4,7,ug/m3 SC,6,Carthage,1,100,81102,PM10 Total 0-10um STP,27900,"Joplin, MO",29,Missouri,97,Jasper,37.19828622,-94.31724552
1/25/2021,AQS,290970003,4,5,ug/m3 SC,5,Carthage,1,100,81102,PM10 Total 0-10um STP,27900,"Joplin, MO",29,Missouri,97,Jasper,37.19828622,-94.31724552
1/26/2021,AQS,290970003,4,11,ug/m3 SC,10,Carthage,1,100,81102,PM10 Total 0-10um STP,27900,"Joplin, MO",29,Missouri,97,Jasper,37.19828622,-94.31724552
1/27/2021,AQS,290970003,4,8,ug/m3 SC,7,Carthage,1,100,81102,PM10 Total 0-10um STP,27900,"Joplin, MO",29,Missouri,97,Jasper,37.19828622,-94.31724552
1/28/2021,AQS,290970003,4,7,ug/m3 SC,6,Carthage,1,100,81102,PM10 Total 0-10um STP,27900,"Joplin, MO",29,Missouri,97,Jasper,37.19828622,-94.31724552
1/29/2021,AQS,290970003,4,10,ug/m3 SC,9,Carthage,1,100,81102,PM10 Total 0-10um STP,27900,"Joplin, MO",29,Missouri,97,Jasper,37.19828622,-94.31724552
1/30/2021,AQS,290970003,4,10,ug/m3 SC,9,Carthage,1,100,81102,PM10 Total 0-10um STP,27900,"Joplin, MO",29,Missouri,97,Jasper,37.19828622,-94.31724552
1/31/2021,AQS,290970003,4,9,ug/m3 SC,8,Carthage,1,100,81102,PM10 Total 0-10um STP,27900,"Joplin, MO",29,Missouri,97,Jasper,37.19828622,-94.31724552
2/1/2021,AQS,290970003,4,9,ug/m3 SC,8,Carthage,1,100,81102,PM10 Total 0-10um STP,27900,"Joplin, MO",29,Missouri,97,Jasper,37.19828622,-94.31724552
2/2/2021,AQS,290970003,4,14,ug/m3 SC,13,Carthage,1,100,81102,PM10 Total 0-10um STP,27900,"Joplin, MO",29,Missouri,97,Jasper,37.19828622,-94.31724552
2/3/2021,AQS,290970003,4,14,ug/m3 SC,13,Carthage,1,100,81102,PM10 Total 0-10um STP,27900,"Joplin, MO",29,Missouri,97,Jasper,37.19828622,-94.31724552
2/4/2021,AQS,290970003,4,26,ug/m3 SC,24,Carthage,1,100,81102,PM10 Total 0-10um STP,27900,"Joplin, MO",29,Missouri,97,Jasper,37.19828622,-94.31724552
2/5/2021,AQS,290970003,4,92,ug/m3 SC,69,Carthage,1,100,81102,PM10 Total 0-10um STP,27900,"Joplin, MO",29,Missouri,97,Jasper,37.19828622,-94.31724552
2/6/2021,AQS,290970003,4,7,ug/m3 SC,6,Carthage,1,100,81102,PM10 Total 0-10um STP,27900,"Joplin, MO",29,Missouri,97,Jasper,37.19828622,-94.31724552
2/7/2021,AQS,290970003,4,6,ug/m3 SC,6,Carthage,1,100,81102,PM10 Total 0-10um STP,27900,"Joplin, MO",29,Missouri,97,Jasper,37.19828622,-94.31724552
2/8/2021,AQS,290970003,4,7,ug/m3 SC,6,Carthage,1,100,81102,PM10 Total 0-10um STP,27900,"Joplin, MO",29,Missouri,97,Jasper,37.19828622,-94.31724552
2/9/2021,AQS,290970003,4,7,ug/m3 SC,6,Carthage,1,100,81102,PM10 Total 0-10um STP,27900,"Joplin, MO",29,Missouri,97,Jasper,37.19828622,-94.31724552
2/10/2021,AQS,290970003,4,8,ug/m3 SC,7,Carthage,1,100,81102,PM10 Total 0-10um STP,27900,"Joplin, MO",29,Missouri,97,Jasper,37.19828622,-94.31724552
2/11/2021,AQS,290970003,4,8,ug/m3 SC,7,Carthage,1,100,81102,PM10 Total 0-10um STP,27900,"Joplin, MO",29,Missouri,97,Jasper,37.19828622,-94.31724552
2/12/2021,AQS,290970003,4,11,ug/m3 SC,10,Carthage,1,100,81102,PM10 Total 0-10um STP,27900,"Joplin, MO",29,Missouri,97,Jasper,37.19828622,-94.31724552
2/18/2021,AQS,290970003,4,14,ug/m3 SC,13,Carthage,1,100,81102,PM10 Total 0-10um STP,27900,"Joplin, MO",29,Missouri,97,Jasper,37.19828622,-94.31724552
2/19/2021,AQS,290970003,4,32,ug/m3 SC,30,Carthage,1,100,81102,PM10 Total 0-10um STP,27900,"Joplin, MO",29,Missouri,97,Jasper,37.19828622,-94.31724552
2/20/2021,AQS,290970003,4,18,ug/m3 SC,17,Carthage,1,100,81102,PM10 Total 0-10um STP,27900,"Joplin, MO",29,Missouri,97,Jasper,37.19828622,-94.31724552
2/21/2021,AQS,290970003,4,10,ug/m3 SC,9,Carthage,1,100,81102,PM10 Total 0-10um STP,27900,"Joplin, MO",29,Missouri,97,Jasper,37.19828622,-94.31724552
2/22/2021,AQS,290970003,4,63,ug/m3 SC,55,Carthage,1,100,81102,PM10 Total 0-10um STP,27900,"Joplin, MO",29,Missouri,97,Jasper,37.19828622,-94.31724552
2/23/2021,AQS,290970003,4,36,ug/m3 SC,33,Carthage,1,100,81102,PM10 Total 0-10um STP,27900,"Joplin, MO",29,Missouri,97,Jasper,37.19828622,-94.31724552
2/24/2021,AQS,290970003,4,13,ug/m3 SC,12,Carthage,1,100,81102,PM10 Total 0-10um STP,27900,"Joplin, MO",29,Missouri,97,Jasper,37.19828622,-94.31724552
2/25/2021,AQS,290970003,4,6,ug/m3 SC,6,Carthage,1,100,81102,PM10 Total 0-10um STP,27900,"Joplin, MO",29,Missouri,97,Jasper,37.19828622,-94.31724552
2/26/2021,AQS,290970003,4,18,ug/m3 SC,17,Carthage,1,100,81102,PM10 Total 0-10um STP,27900,"Joplin, MO",29,Missouri,97,Jasper,37.19828622,-94.31724552
2/27/2021,AQS,290970003,4,9,ug/m3 SC,8,Carthage,1,100,81102,PM10 Total 0-10um STP,27900,"Joplin, MO",29,Missouri,97,Jasper,37.19828622,-94.31724552
2/28/2021,AQS,290970003,4,8,ug/m3 SC,7,Carthage,1,100,81102,PM10 Total 0-10um STP,27900,"Joplin, MO",29,Missouri,97,Jasper,37.19828622,-94.31724552
1/1/2021,AQS,290990019,3,4,ug/m3 SC,4,Arnold West,1,100,81102,PM10 Total 0-10um STP,41180,"St. Louis, MO-IL",29,Missouri,99,Jefferson,38.44867179,-90.3959043
1/2/2021,AQS,290990019,3,6,ug/m3 SC,6,Arnold West,1,100,81102,PM10 Total 0-10um STP,41180,"St. Louis, MO-IL",29,Missouri,99,Jefferson,38.44867179,-90.3959043
1/3/2021,AQS,290990019,3,8,ug/m3 SC,7,Arnold West,1,100,81102,PM10 Total 0-10um STP,41180,"St. Louis, MO-IL",29,Missouri,99,Jefferson,38.44867179,-90.3959043
1/4/2021,AQS,290990019,3,8,ug/m3 SC,7,Arnold West,1,100,81102,PM10 Total 0-10um STP,41180,"St. Louis, MO-IL",29,Missouri,99,Jefferson,38.44867179,-90.3959043
1/5/2021,AQS,290990019,3,10,ug/m3 SC,9,Arnold West,1,100,81102,PM10 Total 0-10um STP,41180,"St. Louis, MO-IL",29,Missouri,99,Jefferson,38.44867179,-90.3959043
1/6/2021,AQS,290990019,3,10,ug/m3 SC,9,Arnold West,1,100,81102,PM10 Total 0-10um STP,41180,"St. Louis, MO-IL",29,Missouri,99,Jefferson,38.44867179,-90.3959043
1/7/2021,AQS,290990019,3,8,ug/m3 SC,7,Arnold West,1,100,81102,PM10 Total 0-10um STP,41180,"St. Louis, MO-IL",29,Missouri,99,Jefferson,38.44867179,-90.3959043
1/8/2021,AQS,290990019,3,7,ug/m3 SC,6,Arnold West,1,100,81102,PM10 Total 0-10um STP,41180,"St. Louis, MO-IL",29,Missouri,99,Jefferson,38.44867179,-90.3959043
1/9/2021,AQS,290990019,3,6,ug/m3 SC,6,Arnold West,1,100,81102,PM10 Total 0-10um STP,41180,"St. Louis, MO-IL",29,Missouri,99,Jefferson,38.44867179,-90.3959043
1/10/2021,AQS,290990019,3,9,ug/m3 SC,8,Arnold West,1,100,81102,PM10 Total 0-10um STP,41180,"St. Louis, MO-IL",29,Missouri,99,Jefferson,38.44867179,-90.3959043
1/11/2021,AQS,290990019,3,9,ug/m3 SC,8,Arnold West,1,100,81102,PM10 Total 0-10um STP,41180,"St. Louis, MO-IL",29,Missouri,99,Jefferson,38.44867179,-90.3959043
1/12/2021,AQS,290990019,3,8,ug/m3 SC,7,Arnold West,1,100,81102,PM10 Total 0-10um STP,41180,"St. Louis, MO-IL",29,Missouri,99,Jefferson,38.44867179,-90.3959043
1/13/2021,AQS,290990019,3,9,ug/m3 SC,8,Arnold West,1,100,81102,PM10 Total 0-10um STP,41180,"St. Louis, MO-IL",29,Missouri,99,Jefferson,38.44867179,-90.3959043
1/14/2021,AQS,290990019,3,9,ug/m3 SC,8,Arnold West,1,100,81102,PM10 Total 0-10um STP,41180,"St. Louis, MO-IL",29,Missouri,99,Jefferson,38.44867179,-90.3959043
1/15/2021,AQS,290990019,3,7,ug/m3 SC,6,Arnold West,1,100,81102,PM10 Total 0-10um STP,41180,"St. Louis, MO-IL",29,Missouri,99,Jefferson,38.44867179,-90.3959043
1/16/2021,AQS,290990019,3,6,ug/m3 SC,6,Arnold West,1,100,81102,PM10 Total 0-10um STP,41180,"St. Louis, MO-IL",29,Missouri,99,Jefferson,38.44867179,-90.3959043
1/17/2021,AQS,290990019,3,7,ug/m3 SC,6,Arnold West,1,100,81102,PM10 Total 0-10um STP,41180,"St. Louis, MO-IL",29,Missouri,99,Jefferson,38.44867179,-90.3959043
1/18/2021,AQS,290990019,3,7,ug/m3 SC,6,Arnold West,1,100,81102,PM10 Total 0-10um STP,41180,"St. Louis, MO-IL",29,Missouri,99,Jefferson,38.44867179,-90.3959043
1/19/2021,AQS,290990019,3,8,ug/m3 SC,7,Arnold West,1,100,81102,PM10 Total 0-10um STP,41180,"St. Louis, MO-IL",29,Missouri,99,Jefferson,38.44867179,-90.3959043
1/20/2021,AQS,290990019,3,6,ug/m3 SC,6,Arnold West,1,100,81102,PM10 Total 0-10um STP,41180,"St. Louis, MO-IL",29,Missouri,99,Jefferson,38.44867179,-90.3959043
1/21/2021,AQS,290990019,3,11,ug/m3 SC,10,Arnold West,1,100,81102,PM10 Total 0-10um STP,41180,"St. Louis, MO-IL",29,Missouri,99,Jefferson,38.44867179,-90.3959043
1/22/2021,AQS,290990019,3,7,ug/m3 SC,6,Arnold West,1,100,81102,PM10 Total 0-10um STP,41180,"St. Louis, MO-IL",29,Missouri,99,Jefferson,38.44867179,-90.3959043
1/23/2021,AQS,290990019,3,8,ug/m3 SC,7,Arnold West,1,100,81102,PM10 Total 0-10um STP,41180,"St. Louis, MO-IL",29,Missouri,99,Jefferson,38.44867179,-90.3959043
1/24/2021,AQS,290990019,3,10,ug/m3 SC,9,Arnold West,1,100,81102,PM10 Total 0-10um STP,41180,"St. Louis, MO-IL",29,Missouri,99,Jefferson,38.44867179,-90.3959043
1/25/2021,AQS,290990019,3,6,ug/m3 SC,6,Arnold West,1,100,81102,PM10 Total 0-10um STP,41180,"St. Louis, MO-IL",29,Missouri,99,Jefferson,38.44867179,-90.3959043
1/26/2021,AQS,290990019,3,8,ug/m3 SC,7,Arnold West,1,100,81102,PM10 Total 0-10um STP,41180,"St. Louis, MO-IL",29,Missouri,99,Jefferson,38.44867179,-90.3959043
1/27/2021,AQS,290990019,3,6,ug/m3 SC,6,Arnold West,1,100,81102,PM10 Total 0-10um STP,41180,"St. Louis, MO-IL",29,Missouri,99,Jefferson,38.44867179,-90.3959043
1/28/2021,AQS,290990019,3,8,ug/m3 SC,7,Arnold West,1,100,81102,PM10 Total 0-10um STP,41180,"St. Louis, MO-IL",29,Missouri,99,Jefferson,38.44867179,-90.3959043
1/29/2021,AQS,290990019,3,9,ug/m3 SC,8,Arnold West,1,100,81102,PM10 Total 0-10um STP,41180,"St. Louis, MO-IL",29,Missouri,99,Jefferson,38.44867179,-90.3959043
1/30/2021,AQS,290990019,3,6,ug/m3 SC,6,Arnold West,1,100,81102,PM10 Total 0-10um STP,41180,"St. Louis, MO-IL",29,Missouri,99,Jefferson,38.44867179,-90.3959043
1/31/2021,AQS,290990019,3,6,ug/m3 SC,6,Arnold West,1,100,81102,PM10 Total 0-10um STP,41180,"St. Louis, MO-IL",29,Missouri,99,Jefferson,38.44867179,-90.3959043
2/1/2021,AQS,290990019,3,4,ug/m3 SC,4,Arnold West,1,100,81102,PM10 Total 0-10um STP,41180,"St. Louis, MO-IL",29,Missouri,99,Jefferson,38.44867179,-90.3959043
2/2/2021,AQS,290990019,3,8,ug/m3 SC,7,Arnold West,1,100,81102,PM10 Total 0-10um STP,41180,"St. Louis, MO-IL",29,Missouri,99,Jefferson,38.44867179,-90.3959043
2/3/2021,AQS,290990019,3,10,ug/m3 SC,9,Arnold West,1,100,81102,PM10 Total 0-10um STP,41180,"St. Louis, MO-IL",29,Missouri,99,Jefferson,38.44867179,-90.3959043
2/4/2021,AQS,290990019,3,7,ug/m3 SC,6,Arnold West,1,100,81102,PM10 Total 0-10um STP,41180,"St. Louis, MO-IL",29,Missouri,99,Jefferson,38.44867179,-90.3959043
2/5/2021,AQS,290990019,3,7,ug/m3 SC,6,Arnold West,1,100,81102,PM10 Total 0-10um STP,41180,"St. Louis, MO-IL",29,Missouri,99,Jefferson,38.44867179,-90.3959043
2/6/2021,AQS,290990019,3,7,ug/m3 SC,6,Arnold West,1,100,81102,PM10 Total 0-10um STP,41180,"St. Louis, MO-IL",29,Missouri,99,Jefferson,38.44867179,-90.3959043
2/7/2021,AQS,290990019,3,11,ug/m3 SC,10,Arnold West,1,100,81102,PM10 Total 0-10um STP,41180,"St. Louis, MO-IL",29,Missouri,99,Jefferson,38.44867179,-90.3959043
2/8/2021,AQS,290990019,3,9,ug/m3 SC,8,Arnold West,1,100,81102,PM10 Total 0-10um STP,41180,"St. Louis, MO-IL",29,Missouri,99,Jefferson,38.44867179,-90.3959043
2/9/2021,AQS,290990019,3,8,ug/m3 SC,7,Arnold West,1,100,81102,PM10 Total 0-10um STP,41180,"St. Louis, MO-IL",29,Missouri,99,Jefferson,38.44867179,-90.3959043
2/10/2021,AQS,290990019,3,8,ug/m3 SC,7,Arnold West,1,100,81102,PM10 Total 0-10um STP,41180,"St. Louis, MO-IL",29,Missouri,99,Jefferson,38.44867179,-90.3959043
2/11/2021,AQS,290990019,3,8,ug/m3 SC,7,Arnold West,1,100,81102,PM10 Total 0-10um STP,41180,"St. Louis, MO-IL",29,Missouri,99,Jefferson,38.44867179,-90.3959043
2/12/2021,AQS,290990019,3,9,ug/m3 SC,8,Arnold West,1,100,81102,PM10 Total 0-10um STP,41180,"St. Louis, MO-IL",29,Missouri,99,Jefferson,38.44867179,-90.3959043
2/13/2021,AQS,290990019,3,8,ug/m3 SC,7,Arnold West,1,100,81102,PM10 Total 0-10um STP,41180,"St. Louis, MO-IL",29,Missouri,99,Jefferson,38.44867179,-90.3959043
2/14/2021,AQS,290990019,3,8,ug/m3 SC,7,Arnold West,1,100,81102,PM10 Total 0-10um STP,41180,"St. Louis, MO-IL",29,Missouri,99,Jefferson,38.44867179,-90.3959043
2/15/2021,AQS,290990019,3,3,ug/m3 SC,3,Arnold West,1,100,81102,PM10 Total 0-10um STP,41180,"St. Louis, MO-IL",29,Missouri,99,Jefferson,38.44867179,-90.3959043
2/16/2021,AQS,290990019,3,9,ug/m3 SC,8,Arnold West,1,100,81102,PM10 Total 0-10um STP,41180,"St. Louis, MO-IL",29,Missouri,99,Jefferson,38.44867179,-90.3959043
2/17/2021,AQS,290990019,3,10,ug/m3 SC,9,Arnold West,1,100,81102,PM10 Total 0-10um STP,41180,"St. Louis, MO-IL",29,Missouri,99,Jefferson,38.44867179,-90.3959043
2/18/2021,AQS,290990019,3,8,ug/m3 SC,7,Arnold West,1,100,81102,PM10 Total 0-10um STP,41180,"St. Louis, MO-IL",29,Missouri,99,Jefferson,38.44867179,-90.3959043
2/19/2021,AQS,290990019,3,14,ug/m3 SC,13,Arnold West,1,100,81102,PM10 Total 0-10um STP,41180,"St. Louis, MO-IL",29,Missouri,99,Jefferson,38.44867179,-90.3959043
2/20/2021,AQS,290990019,3,17,ug/m3 SC,16,Arnold West,1,100,81102,PM10 Total 0-10um STP,41180,"St. Louis, MO-IL",29,Missouri,99,Jefferson,38.44867179,-90.3959043
2/21/2021,AQS,290990019,3,9,ug/m3 SC,8,Arnold West,1,100,81102,PM10 Total 0-10um STP,41180,"St. Louis, MO-IL",29,Missouri,99,Jefferson,38.44867179,-90.3959043
2/22/2021,AQS,290990019,3,7,ug/m3 SC,6,Arnold West,1,100,81102,PM10 Total 0-10um STP,41180,"St. Louis, MO-IL",29,Missouri,99,Jefferson,38.44867179,-90.3959043
2/23/2021,AQS,290990019,3,17,ug/m3 SC,16,Arnold West,1,100,81102,PM10 Total 0-10um STP,41180,"St. Louis, MO-IL",29,Missouri,99,Jefferson,38.44867179,-90.3959043
2/24/2021,AQS,290990019,3,8,ug/m3 SC,7,Arnold West,1,100,81102,PM10 Total 0-10um STP,41180,"St. Louis, MO-IL",29,Missouri,99,Jefferson,38.44867179,-90.3959043
2/25/2021,AQS,290990019,3,9,ug/m3 SC,8,Arnold West,1,100,81102,PM10 Total 0-10um STP,41180,"St. Louis, MO-IL",29,Missouri,99,Jefferson,38.44867179,-90.3959043
2/26/2021,AQS,290990019,3,8,ug/m3 SC,7,Arnold West,1,100,81102,PM10 Total 0-10um STP,41180,"St. Louis, MO-IL",29,Missouri,99,Jefferson,38.44867179,-90.3959043
2/27/2021,AQS,290990019,3,10,ug/m3 SC,9,Arnold West,1,100,81102,PM10 Total 0-10um STP,41180,"St. Louis, MO-IL",29,Missouri,99,Jefferson,38.44867179,-90.3959043
2/28/2021,AQS,290990019,3,9,ug/m3 SC,8,Arnold West,1,100,81102,PM10 Total 0-10um STP,41180,"St. Louis, MO-IL",29,Missouri,99,Jefferson,38.44867179,-90.3959043
1/1/2021,AQS,291370001,3,4,ug/m3 SC,4,MTSP,1,100,81102,PM10 Total 0-10um STP,,,29,Missouri,137,Monroe,39.47497615,-91.78899098
1/2/2021,AQS,291370001,3,8,ug/m3 SC,7,MTSP,1,100,81102,PM10 Total 0-10um STP,,,29,Missouri,137,Monroe,39.47497615,-91.78899098
1/3/2021,AQS,291370001,3,9,ug/m3 SC,8,MTSP,1,100,81102,PM10 Total 0-10um STP,,,29,Missouri,137,Monroe,39.47497615,-91.78899098
1/4/2021,AQS,291370001,3,4,ug/m3 SC,4,MTSP,1,100,81102,PM10 Total 0-10um STP,,,29,Missouri,137,Monroe,39.47497615,-91.78899098
1/5/2021,AQS,291370001,3,6,ug/m3 SC,6,MTSP,1,100,81102,PM10 Total 0-10um STP,,,29,Missouri,137,Monroe,39.47497615,-91.78899098
1/6/2021,AQS,291370001,3,8,ug/m3 SC,7,MTSP,1,100,81102,PM10 Total 0-10um STP,,,29,Missouri,137,Monroe,39.47497615,-91.78899098
1/7/2021,AQS,291370001,3,6,ug/m3 SC,6,MTSP,1,100,81102,PM10 Total 0-10um STP,,,29,Missouri,137,Monroe,39.47497615,-91.78899098
1/8/2021,AQS,291370001,3,5,ug/m3 SC,5,MTSP,1,100,81102,PM10 Total 0-10um STP,,,29,Missouri,137,Monroe,39.47497615,-91.78899098
1/9/2021,AQS,291370001,3,8,ug/m3 SC,7,MTSP,1,100,81102,PM10 Total 0-10um STP,,,29,Missouri,137,Monroe,39.47497615,-91.78899098
1/10/2021,AQS,291370001,3,7,ug/m3 SC,6,MTSP,1,100,81102,PM10 Total 0-10um STP,,,29,Missouri,137,Monroe,39.47497615,-91.78899098
1/11/2021,AQS,291370001,3,7,ug/m3 SC,6,MTSP,1,100,81102,PM10 Total 0-10um STP,,,29,Missouri,137,Monroe,39.47497615,-91.78899098
1/12/2021,AQS,291370001,3,6,ug/m3 SC,6,MTSP,1,100,81102,PM10 Total 0-10um STP,,,29,Missouri,137,Monroe,39.47497615,-91.78899098
1/13/2021,AQS,291370001,3,8,ug/m3 SC,7,MTSP,1,100,81102,PM10 Total 0-10um STP,,,29,Missouri,137,Monroe,39.47497615,-91.78899098
1/14/2021,AQS,291370001,3,8,ug/m3 SC,7,MTSP,1,100,81102,PM10 Total 0-10um STP,,,29,Missouri,137,Monroe,39.47497615,-91.78899098
1/15/2021,AQS,291370001,3,5,ug/m3 SC,5,MTSP,1,100,81102,PM10 Total 0-10um STP,,,29,Missouri,137,Monroe,39.47497615,-91.78899098
1/16/2021,AQS,291370001,3,4,ug/m3 SC,4,MTSP,1,100,81102,PM10 Total 0-10um STP,,,29,Missouri,137,Monroe,39.47497615,-91.78899098
1/17/2021,AQS,291370001,3,5,ug/m3 SC,5,MTSP,1,100,81102,PM10 Total 0-10um STP,,,29,Missouri,137,Monroe,39.47497615,-91.78899098
1/18/2021,AQS,291370001,3,5,ug/m3 SC,5,MTSP,1,100,81102,PM10 Total 0-10um STP,,,29,Missouri,137,Monroe,39.47497615,-91.78899098
1/19/2021,AQS,291370001,3,5,ug/m3 SC,5,MTSP,1,100,81102,PM10 Total 0-10um STP,,,29,Missouri,137,Monroe,39.47497615,-91.78899098
1/20/2021,AQS,291370001,3,5,ug/m3 SC,5,MTSP,1,100,81102,PM10 Total 0-10um STP,,,29,Missouri,137,Monroe,39.47497615,-91.78899098
1/21/2021,AQS,291370001,3,9,ug/m3 SC,8,MTSP,1,100,81102,PM10 Total 0-10um STP,,,29,Missouri,137,Monroe,39.47497615,-91.78899098
1/22/2021,AQS,291370001,3,5,ug/m3 SC,5,MTSP,1,100,81102,PM10 Total 0-10um STP,,,29,Missouri,137,Monroe,39.47497615,-91.78899098
1/23/2021,AQS,291370001,3,8,ug/m3 SC,7,MTSP,1,100,81102,PM10 Total 0-10um STP,,,29,Missouri,137,Monroe,39.47497615,-91.78899098
1/24/2021,AQS,291370001,3,10,ug/m3 SC,9,MTSP,1,100,81102,PM10 Total 0-10um STP,,,29,Missouri,137,Monroe,39.47497615,-91.78899098
1/25/2021,AQS,291370001,3,5,ug/m3 SC,5,MTSP,1,100,81102,PM10 Total 0-10um STP,,,29,Missouri,137,Monroe,39.47497615,-91.78899098
1/26/2021,AQS,291370001,3,5,ug/m3 SC,5,MTSP,1,100,81102,PM10 Total 0-10um STP,,,29,Missouri,137,Monroe,39.47497615,-91.78899098
1/27/2021,AQS,291370001,3,4,ug/m3 SC,4,MTSP,1,100,81102,PM10 Total 0-10um STP,,,29,Missouri,137,Monroe,39.47497615,-91.78899098
1/28/2021,AQS,291370001,3,6,ug/m3 SC,6,MTSP,1,100,81102,PM10 Total 0-10um STP,,,29,Missouri,137,Monroe,39.47497615,-91.78899098
1/29/2021,AQS,291370001,3,7,ug/m3 SC,6,MTSP,1,100,81102,PM10 Total 0-10um STP,,,29,Missouri,137,Monroe,39.47497615,-91.78899098
1/30/2021,AQS,291370001,3,4,ug/m3 SC,4,MTSP,1,100,81102,PM10 Total 0-10um STP,,,29,Missouri,137,Monroe,39.47497615,-91.78899098
1/31/2021,AQS,291370001,3,6,ug/m3 SC,6,MTSP,1,100,81102,PM10 Total 0-10um STP,,,29,Missouri,137,Monroe,39.47497615,-91.78899098
2/1/2021,AQS,291370001,3,5,ug/m3 SC,5,MTSP,1,100,81102,PM10 Total 0-10um STP,,,29,Missouri,137,Monroe,39.47497615,-91.78899098
2/2/2021,AQS,291370001,3,5,ug/m3 SC,5,MTSP,1,100,81102,PM10 Total 0-10um STP,,,29,Missouri,137,Monroe,39.47497615,-91.78899098
2/3/2021,AQS,291370001,3,6,ug/m3 SC,6,MTSP,1,100,81102,PM10 Total 0-10um STP,,,29,Missouri,137,Monroe,39.47497615,-91.78899098
2/4/2021,AQS,291370001,3,6,ug/m3 SC,6,MTSP,1,100,81102,PM10 Total 0-10um STP,,,29,Missouri,137,Monroe,39.47497615,-91.78899098
2/5/2021,AQS,291370001,3,6,ug/m3 SC,6,MTSP,1,100,81102,PM10 Total 0-10um STP,,,29,Missouri,137,Monroe,39.47497615,-91.78899098
2/6/2021,AQS,291370001,3,6,ug/m3 SC,6,MTSP,1,100,81102,PM10 Total 0-10um STP,,,29,Missouri,137,Monroe,39.47497615,-91.78899098
2/7/2021,AQS,291370001,3,4,ug/m3 SC,4,MTSP,1,100,81102,PM10 Total 0-10um STP,,,29,Missouri,137,Monroe,39.47497615,-91.78899098
2/8/2021,AQS,291370001,3,5,ug/m3 SC,5,MTSP,1,100,81102,PM10 Total 0-10um STP,,,29,Missouri,137,Monroe,39.47497615,-91.78899098
2/9/2021,AQS,291370001,3,7,ug/m3 SC,6,MTSP,1,100,81102,PM10 Total 0-10um STP,,,29,Missouri,137,Monroe,39.47497615,-91.78899098
2/10/2021,AQS,291370001,3,6,ug/m3 SC,6,MTSP,1,100,81102,PM10 Total 0-10um STP,,,29,Missouri,137,Monroe,39.47497615,-91.78899098
2/11/2021,AQS,291370001,3,8,ug/m3 SC,7,MTSP,1,100,81102,PM10 Total 0-10um STP,,,29,Missouri,137,Monroe,39.47497615,-91.78899098
2/12/2021,AQS,291370001,3,7,ug/m3 SC,6,MTSP,1,100,81102,PM10 Total 0-10um STP,,,29,Missouri,137,Monroe,39.47497615,-91.78899098
2/13/2021,AQS,291370001,3,7,ug/m3 SC,6,MTSP,1,100,81102,PM10 Total 0-10um STP,,,29,Missouri,137,Monroe,39.47497615,-91.78899098
2/14/2021,AQS,291370001,3,7,ug/m3 SC,6,MTSP,1,100,81102,PM10 Total 0-10um STP,,,29,Missouri,137,Monroe,39.47497615,-91.78899098
2/15/2021,AQS,291370001,3,4,ug/m3 SC,4,MTSP,1,100,81102,PM10 Total 0-10um STP,,,29,Missouri,137,Monroe,39.47497615,-91.78899098
2/16/2021,AQS,291370001,3,7,ug/m3 SC,6,MTSP,1,100,81102,PM10 Total 0-10um STP,,,29,Missouri,137,Monroe,39.47497615,-91.78899098
2/17/2021,AQS,291370001,3,6,ug/m3 SC,6,MTSP,1,100,81102,PM10 Total 0-10um STP,,,29,Missouri,137,Monroe,39.47497615,-91.78899098
2/18/2021,AQS,291370001,3,7,ug/m3 SC,6,MTSP,1,100,81102,PM10 Total 0-10um STP,,,29,Missouri,137,Monroe,39.47497615,-91.78899098
2/19/2021,AQS,291370001,3,8,ug/m3 SC,7,MTSP,1,100,81102,PM10 Total 0-10um STP,,,29,Missouri,137,Monroe,39.47497615,-91.78899098
2/20/2021,AQS,291370001,3,9,ug/m3 SC,8,MTSP,1,100,81102,PM10 Total 0-10um STP,,,29,Missouri,137,Monroe,39.47497615,-91.78899098
2/21/2021,AQS,291370001,3,7,ug/m3 SC,6,MTSP,1,100,81102,PM10 Total 0-10um STP,,,29,Missouri,137,Monroe,39.47497615,-91.78899098
2/22/2021,AQS,291370001,3,6,ug/m3 SC,6,MTSP,1,100,81102,PM10 Total 0-10um STP,,,29,Missouri,137,Monroe,39.47497615,-91.78899098
2/23/2021,AQS,291370001,3,12,ug/m3 SC,11,MTSP,1,100,81102,PM10 Total 0-10um STP,,,29,Missouri,137,Monroe,39.47497615,-91.78899098
2/24/2021,AQS,291370001,3,12,ug/m3 SC,11,MTSP,1,100,81102,PM10 Total 0-10um STP,,,29,Missouri,137,Monroe,39.47497615,-91.78899098
2/25/2021,AQS,291370001,3,5,ug/m3 SC,5,MTSP,1,100,81102,PM10 Total 0-10um STP,,,29,Missouri,137,Monroe,39.47497615,-91.78899098
2/26/2021,AQS,291370001,3,6,ug/m3 SC,6,MTSP,1,100,81102,PM10 Total 0-10um STP,,,29,Missouri,137,Monroe,39.47497615,-91.78899098
2/27/2021,AQS,291370001,3,10,ug/m3 SC,9,MTSP,1,100,81102,PM10 Total 0-10um STP,,,29,Missouri,137,Monroe,39.47497615,-91.78899098
2/28/2021,AQS,291370001,3,6,ug/m3 SC,6,MTSP,1,100,81102,PM10 Total 0-10um STP,,,29,Missouri,137,Monroe,39.47497615,-91.78899098
1/1/2021,AQS,295100085,6,11,ug/m3 SC,10,Blair Street,1,100,81102,PM10 Total 0-10um STP,41180,"St. Louis, MO-IL",29,Missouri,510,St. Louis City,38.65642894,-90.19834827
1/2/2021,AQS,295100085,6,16,ug/m3 SC,15,Blair Street,1,100,81102,PM10 Total 0-10um STP,41180,"St. Louis, MO-IL",29,Missouri,510,St. Louis City,38.65642894,-90.19834827
1/3/2021,AQS,295100085,6,22,ug/m3 SC,20,Blair Street,1,100,81102,PM10 Total 0-10um STP,41180,"St. Louis, MO-IL",29,Missouri,510,St. Louis City,38.65642894,-90.19834827
1/4/2021,AQS,295100085,6,28,ug/m3 SC,26,Blair Street,1,100,81102,PM10 Total 0-10um STP,41180,"St. Louis, MO-IL",29,Missouri,510,St. Louis City,38.65642894,-90.19834827
1/5/2021,AQS,295100085,6,30,ug/m3 SC,28,Blair Street,1,100,81102,PM10 Total 0-10um STP,41180,"St. Louis, MO-IL",29,Missouri,510,St. Louis City,38.65642894,-90.19834827
1/6/2021,AQS,295100085,6,42,ug/m3 SC,39,Blair Street,1,100,81102,PM10 Total 0-10um STP,41180,"St. Louis, MO-IL",29,Missouri,510,St. Louis City,38.65642894,-90.19834827
1/7/2021,AQS,295100085,6,30,ug/m3 SC,28,Blair Street,1,100,81102,PM10 Total 0-10um STP,41180,"St. Louis, MO-IL",29,Missouri,510,St. Louis City,38.65642894,-90.19834827
1/8/2021,AQS,295100085,6,20,ug/m3 SC,19,Blair Street,1,100,81102,PM10 Total 0-10um STP,41180,"St. Louis, MO-IL",29,Missouri,510,St. Louis City,38.65642894,-90.19834827
1/9/2021,AQS,295100085,6,13,ug/m3 SC,12,Blair Street,1,100,81102,PM10 Total 0-10um STP,41180,"St. Louis, MO-IL",29,Missouri,510,St. Louis City,38.65642894,-90.19834827
1/10/2021,AQS,295100085,6,23,ug/m3 SC,21,Blair Street,1,100,81102,PM10 Total 0-10um STP,41180,"St. Louis, MO-IL",29,Missouri,510,St. Louis City,38.65642894,-90.19834827
1/11/2021,AQS,295100085,6,22,ug/m3 SC,20,Blair Street,1,100,81102,PM10 Total 0-10um STP,41180,"St. Louis, MO-IL",29,Missouri,510,St. Louis City,38.65642894,-90.19834827
1/12/2021,AQS,295100085,6,22,ug/m3 SC,20,Blair Street,1,100,81102,PM10 Total 0-10um STP,41180,"St. Louis, MO-IL",29,Missouri,510,St. Louis City,38.65642894,-90.19834827
1/13/2021,AQS,295100085,6,28,ug/m3 SC,26,Blair Street,1,100,81102,PM10 Total 0-10um STP,41180,"St. Louis, MO-IL",29,Missouri,510,St. Louis City,38.65642894,-90.19834827
1/14/2021,AQS,295100085,6,23,ug/m3 SC,21,Blair Street,1,100,81102,PM10 Total 0-10um STP,41180,"St. Louis, MO-IL",29,Missouri,510,St. Louis City,38.65642894,-90.19834827
1/15/2021,AQS,295100085,6,10,ug/m3 SC,9,Blair Street,1,100,81102,PM10 Total 0-10um STP,41180,"St. Louis, MO-IL",29,Missouri,510,St. Louis City,38.65642894,-90.19834827
1/16/2021,AQS,295100085,6,10,ug/m3 SC,9,Blair Street,1,100,81102,PM10 Total 0-10um STP,41180,"St. Louis, MO-IL",29,Missouri,510,St. Louis City,38.65642894,-90.19834827
1/17/2021,AQS,295100085,6,11,ug/m3 SC,10,Blair Street,1,100,81102,PM10 Total 0-10um STP,41180,"St. Louis, MO-IL",29,Missouri,510,St. Louis City,38.65642894,-90.19834827
1/18/2021,AQS,295100085,6,15,ug/m3 SC,14,Blair Street,1,100,81102,PM10 Total 0-10um STP,41180,"St. Louis, MO-IL",29,Missouri,510,St. Louis City,38.65642894,-90.19834827
1/19/2021,AQS,295100085,6,15,ug/m3 SC,14,Blair Street,1,100,81102,PM10 Total 0-10um STP,41180,"St. Louis, MO-IL",29,Missouri,510,St. Louis City,38.65642894,-90.19834827
1/20/2021,AQS,295100085,6,15,ug/m3 SC,14,Blair Street,1,100,81102,PM10 Total 0-10um STP,41180,"St. Louis, MO-IL",29,Missouri,510,St. Louis City,38.65642894,-90.19834827
1/21/2021,AQS,295100085,6,18,ug/m3 SC,17,Blair Street,1,100,81102,PM10 Total 0-10um STP,41180,"St. Louis, MO-IL",29,Missouri,510,St. Louis City,38.65642894,-90.19834827
1/22/2021,AQS,295100085,6,14,ug/m3 SC,13,Blair Street,1,100,81102,PM10 Total 0-10um STP,41180,"St. Louis, MO-IL",29,Missouri,510,St. Louis City,38.65642894,-90.19834827
1/23/2021,AQS,295100085,6,15,ug/m3 SC,14,Blair Street,1,100,81102,PM10 Total 0-10um STP,41180,"St. Louis, MO-IL",29,Missouri,510,St. Louis City,38.65642894,-90.19834827
1/24/2021,AQS,295100085,6,16,ug/m3 SC,15,Blair Street,1,100,81102,PM10 Total 0-10um STP,41180,"St. Louis, MO-IL",29,Missouri,510,St. Louis City,38.65642894,-90.19834827
1/25/2021,AQS,295100085,6,15,ug/m3 SC,14,Blair Street,1,100,81102,PM10 Total 0-10um STP,41180,"St. Louis, MO-IL",29,Missouri,510,St. Louis City,38.65642894,-90.19834827
1/26/2021,AQS,295100085,6,14,ug/m3 SC,13,Blair Street,1,100,81102,PM10 Total 0-10um STP,41180,"St. Louis, MO-IL",29,Missouri,510,St. Louis City,38.65642894,-90.19834827
1/27/2021,AQS,295100085,6,14,ug/m3 SC,13,Blair Street,1,100,81102,PM10 Total 0-10um STP,41180,"St. Louis, MO-IL",29,Missouri,510,St. Louis City,38.65642894,-90.19834827
1/28/2021,AQS,295100085,6,27,ug/m3 SC,25,Blair Street,1,100,81102,PM10 Total 0-10um STP,41180,"St. Louis, MO-IL",29,Missouri,510,St. Louis City,38.65642894,-90.19834827
1/29/2021,AQS,295100085,6,23,ug/m3 SC,21,Blair Street,1,100,81102,PM10 Total 0-10um STP,41180,"St. Louis, MO-IL",29,Missouri,510,St. Louis City,38.65642894,-90.19834827
1/30/2021,AQS,295100085,6,12,ug/m3 SC,11,Blair Street,1,100,81102,PM10 Total 0-10um STP,41180,"St. Louis, MO-IL",29,Missouri,510,St. Louis City,38.65642894,-90.19834827
1/31/2021,AQS,295100085,6,10,ug/m3 SC,9,Blair Street,1,100,81102,PM10 Total 0-10um STP,41180,"St. Louis, MO-IL",29,Missouri,510,St. Louis City,38.65642894,-90.19834827
2/1/2021,AQS,295100085,6,13,ug/m3 SC,12,Blair Street,1,100,81102,PM10 Total 0-10um STP,41180,"St. Louis, MO-IL",29,Missouri,510,St. Louis City,38.65642894,-90.19834827
2/2/2021,AQS,295100085,6,21,ug/m3 SC,19,Blair Street,1,100,81102,PM10 Total 0-10um STP,41180,"St. Louis, MO-IL",29,Missouri,510,St. Louis City,38.65642894,-90.19834827
2/3/2021,AQS,295100085,6,23,ug/m3 SC,21,Blair Street,1,100,81102,PM10 Total 0-10um STP,41180,"St. Louis, MO-IL",29,Missouri,510,St. Louis City,38.65642894,-90.19834827
2/4/2021,AQS,295100085,6,14,ug/m3 SC,13,Blair Street,1,100,81102,PM10 Total 0-10um STP,41180,"St. Louis, MO-IL",29,Missouri,510,St. Louis City,38.65642894,-90.19834827
2/5/2021,AQS,295100085,6,13,ug/m3 SC,12,Blair Street,1,100,81102,PM10 Total 0-10um STP,41180,"St. Louis, MO-IL",29,Missouri,510,St. Louis City,38.65642894,-90.19834827
2/6/2021,AQS,295100085,6,12,ug/m3 SC,11,Blair Street,1,100,81102,PM10 Total 0-10um STP,41180,"St. Louis, MO-IL",29,Missouri,510,St. Louis City,38.65642894,-90.19834827
2/7/2021,AQS,295100085,6,16,ug/m3 SC,15,Blair Street,1,100,81102,PM10 Total 0-10um STP,41180,"St. Louis, MO-IL",29,Missouri,510,St. Louis City,38.65642894,-90.19834827
2/8/2021,AQS,295100085,6,25,ug/m3 SC,23,Blair Street,1,100,81102,PM10 Total 0-10um STP,41180,"St. Louis, MO-IL",29,Missouri,510,St. Louis City,38.65642894,-90.19834827
2/9/2021,AQS,295100085,6,19,ug/m3 SC,18,Blair Street,1,100,81102,PM10 Total 0-10um STP,41180,"St. Louis, MO-IL",29,Missouri,510,St. Louis City,38.65642894,-90.19834827
2/10/2021,AQS,295100085,6,19,ug/m3 SC,18,Blair Street,1,100,81102,PM10 Total 0-10um STP,41180,"St. Louis, MO-IL",29,Missouri,510,St. Louis City,38.65642894,-90.19834827
2/11/2021,AQS,295100085,6,21,ug/m3 SC,19,Blair Street,1,100,81102,PM10 Total 0-10um STP,41180,"St. Louis, MO-IL",29,Missouri,510,St. Louis City,38.65642894,-90.19834827
2/12/2021,AQS,295100085,6,19,ug/m3 SC,18,Blair Street,1,100,81102,PM10 Total 0-10um STP,41180,"St. Louis, MO-IL",29,Missouri,510,St. Louis City,38.65642894,-90.19834827
2/13/2021,AQS,295100085,6,14,ug/m3 SC,13,Blair Street,1,100,81102,PM10 Total 0-10um STP,41180,"St. Louis, MO-IL",29,Missouri,510,St. Louis City,38.65642894,-90.19834827
2/14/2021,AQS,295100085,6,15,ug/m3 SC,14,Blair Street,1,100,81102,PM10 Total 0-10um STP,41180,"St. Louis, MO-IL",29,Missouri,510,St. Louis City,38.65642894,-90.19834827
2/15/2021,AQS,295100085,6,11,ug/m3 SC,10,Blair Street,1,100,81102,PM10 Total 0-10um STP,41180,"St. Louis, MO-IL",29,Missouri,510,St. Louis City,38.65642894,-90.19834827
2/16/2021,AQS,295100085,6,14,ug/m3 SC,13,Blair Street,1,100,81102,PM10 Total 0-10um STP,41180,"St. Louis, MO-IL",29,Missouri,510,St. Louis City,38.65642894,-90.19834827
2/17/2021,AQS,295100085,6,19,ug/m3 SC,18,Blair Street,1,100,81102,PM10 Total 0-10um STP,41180,"St. Louis, MO-IL",29,Missouri,510,St. Louis City,38.65642894,-90.19834827
2/18/2021,AQS,295100085,6,17,ug/m3 SC,16,Blair Street,1,100,81102,PM10 Total 0-10um STP,41180,"St. Louis, MO-IL",29,Missouri,510,St. Louis City,38.65642894,-90.19834827
2/19/2021,AQS,295100085,6,26,ug/m3 SC,24,Blair Street,1,100,81102,PM10 Total 0-10um STP,41180,"St. Louis, MO-IL",29,Missouri,510,St. Louis City,38.65642894,-90.19834827
2/20/2021,AQS,295100085,6,33,ug/m3 SC,31,Blair Street,1,100,81102,PM10 Total 0-10um STP,41180,"St. Louis, MO-IL",29,Missouri,510,St. Louis City,38.65642894,-90.19834827
2/21/2021,AQS,295100085,6,21,ug/m3 SC,19,Blair Street,1,100,81102,PM10 Total 0-10um STP,41180,"St. Louis, MO-IL",29,Missouri,510,St. Louis City,38.65642894,-90.19834827
2/22/2021,AQS,295100085,6,17,ug/m3 SC,16,Blair Street,1,100,81102,PM10 Total 0-10um STP,41180,"St. Louis, MO-IL",29,Missouri,510,St. Louis City,38.65642894,-90.19834827
2/23/2021,AQS,295100085,6,21,ug/m3 SC,19,Blair Street,1,100,81102,PM10 Total 0-10um STP,41180,"St. Louis, MO-IL",29,Missouri,510,St. Louis City,38.65642894,-90.19834827
2/24/2021,AQS,295100085,6,15,ug/m3 SC,14,Blair Street,1,100,81102,PM10 Total 0-10um STP,41180,"St. Louis, MO-IL",29,Missouri,510,St. Louis City,38.65642894,-90.19834827
2/25/2021,AQS,295100085,6,19,ug/m3 SC,18,Blair Street,1,100,81102,PM10 Total 0-10um STP,41180,"St. Louis, MO-IL",29,Missouri,510,St. Louis City,38.65642894,-90.19834827
2/26/2021,AQS,295100085,6,26,ug/m3 SC,24,Blair Street,1,100,81102,PM10 Total 0-10um STP,41180,"St. Louis, MO-IL",29,Missouri,510,St. Louis City,38.65642894,-90.19834827
2/27/2021,AQS,295100085,6,18,ug/m3 SC,17,Blair Street,1,100,81102,PM10 Total 0-10um STP,41180,"St. Louis, MO-IL",29,Missouri,510,St. Louis City,38.65642894,-90.19834827
2/28/2021,AQS,295100085,6,12,ug/m3 SC,11,Blair Street,1,100,81102,PM10 Total 0-10um STP,41180,"St. Louis, MO-IL",29,Missouri,510,St. Louis City,38.65642894,-90.19834827
1/1/2021,AQS,295100093,6,10,ug/m3 SC,9,Branch Street,1,100,81102,PM10 Total 0-10um STP,41180,"St. Louis, MO-IL",29,Missouri,510,St. Louis City,38.65647895,-90.189868
1/2/2021,AQS,295100093,6,16,ug/m3 SC,15,Branch Street,1,100,81102,PM10 Total 0-10um STP,41180,"St. Louis, MO-IL",29,Missouri,510,St. Louis City,38.65647895,-90.189868
1/3/2021,AQS,295100093,6,21,ug/m3 SC,19,Branch Street,1,100,81102,PM10 Total 0-10um STP,41180,"St. Louis, MO-IL",29,Missouri,510,St. Louis City,38.65647895,-90.189868
1/4/2021,AQS,295100093,6,30,ug/m3 SC,28,Branch Street,1,100,81102,PM10 Total 0-10um STP,41180,"St. Louis, MO-IL",29,Missouri,510,St. Louis City,38.65647895,-90.189868
1/5/2021,AQS,295100093,6,35,ug/m3 SC,32,Branch Street,1,100,81102,PM10 Total 0-10um STP,41180,"St. Louis, MO-IL",29,Missouri,510,St. Louis City,38.65647895,-90.189868
1/6/2021,AQS,295100093,6,34,ug/m3 SC,31,Branch Street,1,100,81102,PM10 Total 0-10um STP,41180,"St. Louis, MO-IL",29,Missouri,510,St. Louis City,38.65647895,-90.189868
1/7/2021,AQS,295100093,6,20,ug/m3 SC,19,Branch Street,1,100,81102,PM10 Total 0-10um STP,41180,"St. Louis, MO-IL",29,Missouri,510,St. Louis City,38.65647895,-90.189868
1/8/2021,AQS,295100093,6,24,ug/m3 SC,22,Branch Street,1,100,81102,PM10 Total 0-10um STP,41180,"St. Louis, MO-IL",29,Missouri,510,St. Louis City,38.65647895,-90.189868
1/9/2021,AQS,295100093,6,14,ug/m3 SC,13,Branch Street,1,100,81102,PM10 Total 0-10um STP,41180,"St. Louis, MO-IL",29,Missouri,510,St. Louis City,38.65647895,-90.189868
1/10/2021,AQS,295100093,6,22,ug/m3 SC,20,Branch Street,1,100,81102,PM10 Total 0-10um STP,41180,"St. Louis, MO-IL",29,Missouri,510,St. Louis City,38.65647895,-90.189868
1/11/2021,AQS,295100093,6,27,ug/m3 SC,25,Branch Street,1,100,81102,PM10 Total 0-10um STP,41180,"St. Louis, MO-IL",29,Missouri,510,St. Louis City,38.65647895,-90.189868
1/12/2021,AQS,295100093,6,29,ug/m3 SC,27,Branch Street,1,100,81102,PM10 Total 0-10um STP,41180,"St. Louis, MO-IL",29,Missouri,510,St. Louis City,38.65647895,-90.189868
1/13/2021,AQS,295100093,6,51,ug/m3 SC,47,Branch Street,1,100,81102,PM10 Total 0-10um STP,41180,"St. Louis, MO-IL",29,Missouri,510,St. Louis City,38.65647895,-90.189868
1/14/2021,AQS,295100093,6,36,ug/m3 SC,33,Branch Street,1,100,81102,PM10 Total 0-10um STP,41180,"St. Louis, MO-IL",29,Missouri,510,St. Louis City,38.65647895,-90.189868
1/15/2021,AQS,295100093,6,11,ug/m3 SC,10,Branch Street,1,100,81102,PM10 Total 0-10um STP,41180,"St. Louis, MO-IL",29,Missouri,510,St. Louis City,38.65647895,-90.189868
1/16/2021,AQS,295100093,6,10,ug/m3 SC,9,Branch Street,1,100,81102,PM10 Total 0-10um STP,41180,"St. Louis, MO-IL",29,Missouri,510,St. Louis City,38.65647895,-90.189868
1/17/2021,AQS,295100093,6,11,ug/m3 SC,10,Branch Street,1,100,81102,PM10 Total 0-10um STP,41180,"St. Louis, MO-IL",29,Missouri,510,St. Louis City,38.65647895,-90.189868
1/18/2021,AQS,295100093,6,15,ug/m3 SC,14,Branch Street,1,100,81102,PM10 Total 0-10um STP,41180,"St. Louis, MO-IL",29,Missouri,510,St. Louis City,38.65647895,-90.189868
1/19/2021,AQS,295100093,6,16,ug/m3 SC,15,Branch Street,1,100,81102,PM10 Total 0-10um STP,41180,"St. Louis, MO-IL",29,Missouri,510,St. Louis City,38.65647895,-90.189868
1/20/2021,AQS,295100093,6,31,ug/m3 SC,29,Branch Street,1,100,81102,PM10 Total 0-10um STP,41180,"St. Louis, MO-IL",29,Missouri,510,St. Louis City,38.65647895,-90.189868
1/21/2021,AQS,295100093,6,23,ug/m3 SC,21,Branch Street,1,100,81102,PM10 Total 0-10um STP,41180,"St. Louis, MO-IL",29,Missouri,510,St. Louis City,38.65647895,-90.189868
1/22/2021,AQS,295100093,6,33,ug/m3 SC,31,Branch Street,1,100,81102,PM10 Total 0-10um STP,41180,"St. Louis, MO-IL",29,Missouri,510,St. Louis City,38.65647895,-90.189868
1/23/2021,AQS,295100093,6,17,ug/m3 SC,16,Branch Street,1,100,81102,PM10 Total 0-10um STP,41180,"St. Louis, MO-IL",29,Missouri,510,St. Louis City,38.65647895,-90.189868
1/24/2021,AQS,295100093,6,15,ug/m3 SC,14,Branch Street,1,100,81102,PM10 Total 0-10um STP,41180,"St. Louis, MO-IL",29,Missouri,510,St. Louis City,38.65647895,-90.189868
1/25/2021,AQS,295100093,6,14,ug/m3 SC,13,Branch Street,1,100,81102,PM10 Total 0-10um STP,41180,"St. Louis, MO-IL",29,Missouri,510,St. Louis City,38.65647895,-90.189868
1/26/2021,AQS,295100093,6,15,ug/m3 SC,14,Branch Street,1,100,81102,PM10 Total 0-10um STP,41180,"St. Louis, MO-IL",29,Missouri,510,St. Louis City,38.65647895,-90.189868
1/27/2021,AQS,295100093,6,18,ug/m3 SC,17,Branch Street,1,100,81102,PM10 Total 0-10um STP,41180,"St. Louis, MO-IL",29,Missouri,510,St. Louis City,38.65647895,-90.189868
1/28/2021,AQS,295100093,6,26,ug/m3 SC,24,Branch Street,1,100,81102,PM10 Total 0-10um STP,41180,"St. Louis, MO-IL",29,Missouri,510,St. Louis City,38.65647895,-90.189868
1/29/2021,AQS,295100093,6,28,ug/m3 SC,26,Branch Street,1,100,81102,PM10 Total 0-10um STP,41180,"St. Louis, MO-IL",29,Missouri,510,St. Louis City,38.65647895,-90.189868
1/30/2021,AQS,295100093,6,16,ug/m3 SC,15,Branch Street,1,100,81102,PM10 Total 0-10um STP,41180,"St. Louis, MO-IL",29,Missouri,510,St. Louis City,38.65647895,-90.189868
1/31/2021,AQS,295100093,6,10,ug/m3 SC,9,Branch Street,1,100,81102,PM10 Total 0-10um STP,41180,"St. Louis, MO-IL",29,Missouri,510,St. Louis City,38.65647895,-90.189868
2/1/2021,AQS,295100093,6,17,ug/m3 SC,16,Branch Street,1,100,81102,PM10 Total 0-10um STP,41180,"St. Louis, MO-IL",29,Missouri,510,St. Louis City,38.65647895,-90.189868
2/2/2021,AQS,295100093,6,21,ug/m3 SC,19,Branch Street,1,100,81102,PM10 Total 0-10um STP,41180,"St. Louis, MO-IL",29,Missouri,510,St. Louis City,38.65647895,-90.189868
2/3/2021,AQS,295100093,6,32,ug/m3 SC,30,Branch Street,1,100,81102,PM10 Total 0-10um STP,41180,"St. Louis, MO-IL",29,Missouri,510,St. Louis City,38.65647895,-90.189868
2/4/2021,AQS,295100093,6,17,ug/m3 SC,16,Branch Street,1,100,81102,PM10 Total 0-10um STP,41180,"St. Louis, MO-IL",29,Missouri,510,St. Louis City,38.65647895,-90.189868
2/5/2021,AQS,295100093,6,15,ug/m3 SC,14,Branch Street,1,100,81102,PM10 Total 0-10um STP,41180,"St. Louis, MO-IL",29,Missouri,510,St. Louis City,38.65647895,-90.189868
2/6/2021,AQS,295100093,6,13,ug/m3 SC,12,Branch Street,1,100,81102,PM10 Total 0-10um STP,41180,"St. Louis, MO-IL",29,Missouri,510,St. Louis City,38.65647895,-90.189868
2/7/2021,AQS,295100093,6,12,ug/m3 SC,11,Branch Street,1,100,81102,PM10 Total 0-10um STP,41180,"St. Louis, MO-IL",29,Missouri,510,St. Louis City,38.65647895,-90.189868
2/8/2021,AQS,295100093,6,22,ug/m3 SC,20,Branch Street,1,100,81102,PM10 Total 0-10um STP,41180,"St. Louis, MO-IL",29,Missouri,510,St. Louis City,38.65647895,-90.189868
2/9/2021,AQS,295100093,6,18,ug/m3 SC,17,Branch Street,1,100,81102,PM10 Total 0-10um STP,41180,"St. Louis, MO-IL",29,Missouri,510,St. Louis City,38.65647895,-90.189868
2/10/2021,AQS,295100093,6,20,ug/m3 SC,19,Branch Street,1,100,81102,PM10 Total 0-10um STP,41180,"St. Louis, MO-IL",29,Missouri,510,St. Louis City,38.65647895,-90.189868
2/11/2021,AQS,295100093,6,18,ug/m3 SC,17,Branch Street,1,100,81102,PM10 Total 0-10um STP,41180,"St. Louis, MO-IL",29,Missouri,510,St. Louis City,38.65647895,-90.189868
2/12/2021,AQS,295100093,6,25,ug/m3 SC,23,Branch Street,1,100,81102,PM10 Total 0-10um STP,41180,"St. Louis, MO-IL",29,Missouri,510,St. Louis City,38.65647895,-90.189868
2/13/2021,AQS,295100093,6,15,ug/m3 SC,14,Branch Street,1,100,81102,PM10 Total 0-10um STP,41180,"St. Louis, MO-IL",29,Missouri,510,St. Louis City,38.65647895,-90.189868
2/14/2021,AQS,295100093,6,15,ug/m3 SC,14,Branch Street,1,100,81102,PM10 Total 0-10um STP,41180,"St. Louis, MO-IL",29,Missouri,510,St. Louis City,38.65647895,-90.189868
2/15/2021,AQS,295100093,6,16,ug/m3 SC,15,Branch Street,1,100,81102,PM10 Total 0-10um STP,41180,"St. Louis, MO-IL",29,Missouri,510,St. Louis City,38.65647895,-90.189868
2/16/2021,AQS,295100093,6,11,ug/m3 SC,10,Branch Street,1,100,81102,PM10 Total 0-10um STP,41180,"St. Louis, MO-IL",29,Missouri,510,St. Louis City,38.65647895,-90.189868
2/17/2021,AQS,295100093,6,17,ug/m3 SC,16,Branch Street,1,100,81102,PM10 Total 0-10um STP,41180,"St. Louis, MO-IL",29,Missouri,510,St. Louis City,38.65647895,-90.189868
2/18/2021,AQS,295100093,6,19,ug/m3 SC,18,Branch Street,1,100,81102,PM10 Total 0-10um STP,41180,"St. Louis, MO-IL",29,Missouri,510,St. Louis City,38.65647895,-90.189868
2/19/2021,AQS,295100093,6,28,ug/m3 SC,26,Branch Street,1,100,81102,PM10 Total 0-10um STP,41180,"St. Louis, MO-IL",29,Missouri,510,St. Louis City,38.65647895,-90.189868
2/20/2021,AQS,295100093,6,95,ug/m3 SC,71,Branch Street,1,100,81102,PM10 Total 0-10um STP,41180,"St. Louis, MO-IL",29,Missouri,510,St. Louis City,38.65647895,-90.189868
2/21/2021,AQS,295100093,6,26,ug/m3 SC,24,Branch Street,1,100,81102,PM10 Total 0-10um STP,41180,"St. Louis, MO-IL",29,Missouri,510,St. Louis City,38.65647895,-90.189868
2/22/2021,AQS,295100093,6,18,ug/m3 SC,17,Branch Street,1,100,81102,PM10 Total 0-10um STP,41180,"St. Louis, MO-IL",29,Missouri,510,St. Louis City,38.65647895,-90.189868
2/23/2021,AQS,295100093,6,35,ug/m3 SC,32,Branch Street,1,100,81102,PM10 Total 0-10um STP,41180,"St. Louis, MO-IL",29,Missouri,510,St. Louis City,38.65647895,-90.189868
2/24/2021,AQS,295100093,6,41,ug/m3 SC,38,Branch Street,1,100,81102,PM10 Total 0-10um STP,41180,"St. Louis, MO-IL",29,Missouri,510,St. Louis City,38.65647895,-90.189868
2/25/2021,AQS,295100093,6,29,ug/m3 SC,27,Branch Street,1,100,81102,PM10 Total 0-10um STP,41180,"St. Louis, MO-IL",29,Missouri,510,St. Louis City,38.65647895,-90.189868
2/26/2021,AQS,295100093,6,36,ug/m3 SC,33,Branch Street,1,100,81102,PM10 Total 0-10um STP,41180,"St. Louis, MO-IL",29,Missouri,510,St. Louis City,38.65647895,-90.189868
2/27/2021,AQS,295100093,6,20,ug/m3 SC,19,Branch Street,1,100,81102,PM10 Total 0-10um STP,41180,"St. Louis, MO-IL",29,Missouri,510,St. Louis City,38.65647895,-90.189868
2/28/2021,AQS,295100093,6,12,ug/m3 SC,11,Branch Street,1,100,81102,PM10 Total 0-10um STP,41180,"St. Louis, MO-IL",29,Missouri,510,St. Louis City,38.65647895,-90.189868
